ID,Address,Rooms,Type,Price,Date,Bathroom,Car,Landsize,Age,Lattitude,Longtitude
ID291554862,33 Barnett St,3,h,1260000.0,19/11/2016,2.0,2.0,250.0,119.0,-37.792,144.9324
ID783722176,31 Hooker Rd,3,h,412700.0,19/08/2017,1.0,1.0,299.0,14.0,-37.89513,144.64056000000005
ID250710045,49 Phoenix Dr,5,h,1223000.0,27/05/2017,3.0,2.0,762.0,7.0,-37.91199,145.18419
ID854302267,5 Glendale St,5,h,1975000.0,13/08/2016,2.0,2.0,641.0,18.0,-37.8354,145.1001
ID849127523,7/7 Chandler Hwy,2,t,650000.0,24/09/2016,1.0,0.0,0.0,59.0,-37.7848,145.025
ID777961543,63 Harrison St,3,t,937000.0,8/07/2017,2.0,1.0,110.0,19.0,-37.760490000000004,144.98065
ID771424254,2 Carrington St,3,h,1785000.0,3/09/2017,2.0,3.0,683.0,39.0,-37.80273,145.08392
ID843351088,7 Donnelly Ct,4,h,646000.0,29/04/2017,2.0,2.0,658.0,39.0,-37.7358,144.8217
ID452171316,18 Ethel St,2,h,1023000.0,3/09/2017,1.0,0.0,154.0,129.0,-37.77221,144.97537
ID492292390,41 Felix Cr,4,h,812000.0,12/08/2017,2.0,2.0,962.0,14.0,-37.80161,145.22151000000005
ID511888772,5 Pitt St,2,h,1440000.0,27/06/2016,1.0,1.0,687.0,79.0,-37.872,145.0692
ID388566722,7A Brunel St,3,t,815000.0,13/05/2017,2.0,2.0,148.0,69.0,-37.8287,144.8705
ID534973015,61 Murray Rd,2,h,550000.0,4/03/2017,1.0,1.0,0.0,129.0,-37.7358,144.9801
ID500235186,41 Saltley St,3,t,855000.0,27/11/2016,2.0,2.0,337.0,44.0,-37.8288,144.8681
ID401689731,71 Bignell Rd,4,h,1200000.0,7/05/2016,2.0,2.0,619.0,59.0,-37.9358,145.0688
ID778003771,116a Hannan St,3,h,975000.0,22/05/2016,2.0,2.0,289.0,8.0,-37.8593,144.8881
ID555203328,50 Canterbury St,2,h,827500.0,28/05/2016,1.0,0.0,127.0,119.0,-37.8251,145.0063
ID859347674,6/49 Osborne St,1,u,320000.0,18/03/2017,1.0,0.0,0.0,49.0,-37.8437,144.9904
ID175341227,3 Brian St,3,h,660000.0,8/04/2017,1.0,2.0,585.0,59.0,-37.695,144.9676
ID972809660,66 Willmott Dr,3,h,390000.0,29/07/2017,1.0,1.0,301.0,18.0,-37.58739,144.92619
ID786516798,13 Andrew St,3,h,1900000.0,16/04/2016,1.0,1.0,522.0,109.0,-37.7752,145.0032
ID633572304,25 Buckley St,3,h,1170000.0,8/10/2016,1.0,1.0,443.0,89.0,-37.7585,144.928
ID721366644,8 Watchtower Rd,3,h,675000.0,4/02/2016,1.0,2.0,142.0,14.0,-37.7382,144.97299999999996
ID717871247,18/36 Anderson Rd,3,u,780000.0,8/04/2017,1.0,1.0,0.0,59.0,-37.8414,145.0505
ID352187756,250 Arthur St,3,h,1145000.0,28/08/2016,1.0,3.0,590.0,17.0,-37.7673,145.02100000000004
ID958552125,48 Majestic Bvd,5,h,720008.0,26/08/2017,3.0,2.0,528.0,13.0,-38.08902,145.29006
ID186920941,84 May St,4,h,970000.0,25/02/2017,1.0,2.0,708.0,59.0,-37.833,144.8494
ID798384490,66 Palmerston St,3,h,920000.0,22/07/2017,1.0,0.0,98.0,28.0,-37.79633,144.97269
ID780942879,20 Mingana Rd,4,h,1060000.0,16/09/2017,2.0,3.0,729.0,49.0,-37.857279999999996,145.24839
ID479237032,6 Wilson Gr,3,h,1602500.0,18/03/2017,1.0,1.0,405.0,89.0,-37.8448,145.071
ID529709647,90 Bennett St,3,h,1400000.0,16/09/2017,2.0,2.0,9338.0,59.0,-37.781009999999995,144.98843
ID741268444,31 Wordsworth St,4,h,1345000.0,18/06/2016,2.0,2.0,313.0,109.0,-37.7709,144.9288
ID176823455,7/517 Royal Pde,3,t,850000.0,17/06/2017,1.0,1.0,2429.0,49.0,-37.78033,144.95949
ID944759966,9 Dunoon Ct,3,h,1590000.0,3/09/2017,2.0,3.0,594.0,94.0,-37.91166,145.02265
ID197779199,16 William St,2,h,1310000.0,15/10/2016,1.0,2.0,238.0,129.0,-37.809,144.9976
ID857584936,2/1129 Whitehorse Rd,2,t,730000.0,12/08/2017,2.0,1.0,126.0,7.0,-37.819,145.13537
ID551733920,1/256 Mason St,2,t,640000.0,11/03/2017,1.0,1.0,252.0,54.0,-37.8397,144.8602
ID905917580,33 Deakin St,4,t,1250000.0,6/08/2016,3.0,2.0,374.0,4.0,-37.7507,144.8911
ID974739544,44 Hartington St,4,h,1400000.0,7/05/2016,1.0,1.0,489.0,109.0,-37.8916,145.0123
ID419241450,1/18 Magnolia Rd,2,u,595000.0,19/11/2016,1.0,1.0,0.0,59.0,-37.8994,145.0101
ID539030456,129 Hambleton St,3,h,1630000.0,29/04/2017,1.0,0.0,143.0,119.0,-37.8484,144.963
ID145707883,49 Jenkins St,4,h,1400000.0,8/07/2017,2.0,2.0,530.0,12.0,-38.00429000000001,145.10286000000005
ID662994140,3/26 McArthur St,2,u,575000.0,15/07/2017,1.0,1.0,0.0,20.0,-37.85557,145.03968
ID829233931,35 Birkenhead St,2,h,1290000.0,18/03/2017,1.0,0.0,136.0,129.0,-37.7819,144.9824
ID570470398,3 Astley St,4,h,920000.0,22/08/2016,2.0,2.0,678.0,39.0,-37.7613,145.1047
ID956668990,7/49 Bruce St,2,u,867000.0,8/04/2017,1.0,1.0,1087.0,16.0,-37.8373,145.0106
ID405309559,2/5 Pell St,3,t,882000.0,27/06/2016,2.0,2.0,208.0,24.0,-37.9108,145.0794
ID791635398,93 Tudor St,3,h,921000.0,16/04/2016,2.0,1.0,291.0,19.0,-37.919000000000004,145.0829
ID638484443,11/37 Wheatland Rd,1,u,455000.0,3/06/2017,1.0,1.0,1112.0,42.0,-37.86561,145.03602
ID393147419,7A Downland Sq,4,h,773000.0,24/06/2017,2.0,2.0,344.0,15.0,-37.75861,144.86687
ID473283761,201/1177 Glen Huntly Rd,2,u,445000.0,24/09/2016,1.0,1.0,0.0,109.0,-37.8894,145.0431
ID425805242,1231 North Rd,4,h,991000.0,18/03/2017,1.0,2.0,683.0,44.0,-37.9107,145.0975
ID553950926,4 Day St,3,h,520000.0,27/06/2016,1.0,2.0,691.0,59.0,-37.7886,144.8138
ID465436769,20 Edward St,2,h,725000.0,29/04/2017,1.0,2.0,606.0,59.0,-37.709,144.9646
ID872515619,47 Kellett Gr,4,h,2245000.0,27/11/2016,3.0,2.0,627.0,60.0,-37.7915,145.0348
ID960761415,36 Westgate St,3,h,1205000.0,13/05/2017,2.0,1.0,570.0,64.0,-37.9066,145.0869
ID147047810,2/13 Batesford Rd,3,u,988000.0,20/05/2017,2.0,2.0,286.0,11.0,-37.8755,145.0954
ID257903703,5 Drysdale Ct,3,h,870000.0,12/08/2017,2.0,2.0,590.0,38.0,-37.89628,145.22294
ID992096893,10/3 Lytton St,2,u,500000.0,29/04/2017,1.0,1.0,4076.0,10.0,-37.7941,144.9678
ID370645036,3/3 Iramoo St,3,t,1367000.0,10/12/2016,2.0,2.0,219.0,16.0,-37.8125,145.0849
ID168190306,26 Croker St,4,t,930000.0,26/07/2016,3.0,3.0,278.0,10.0,-37.8468,144.874
ID237070906,20 Rhonda St,3,h,1100000.0,23/09/2017,1.0,2.0,648.0,7.0,-37.74738,145.07698
ID421317129,10 Cecelia Dr,3,h,806000.0,27/05/2017,2.0,4.0,546.0,54.0,-37.747609999999995,144.8521
ID925832120,5/143 Canterbury Rd,1,u,400000.0,8/10/2016,1.0,1.0,0.0,89.0,-37.8522,144.9678
ID116565010,30 Don Av,3,h,536500.0,15/07/2017,2.0,4.0,578.0,47.0,-37.873259999999995,144.69103
ID751186968,3/197 Wattletree Rd,5,h,2325000.0,25/02/2017,3.0,2.0,501.0,13.0,-37.8631,145.0353
ID639235374,61 Steele St,4,h,1361500.0,10/12/2016,1.0,2.0,453.0,99.0,-37.7698,144.9336
ID907262930,2/35 Kingsville St,1,u,200000.0,30/07/2016,1.0,1.0,0.0,59.0,-37.8089,144.8788
ID444957190,37 Cascade St,5,h,3200000.0,24/06/2017,3.0,2.0,836.0,49.0,-37.78839,145.07076
ID341989040,4/178 Power St,2,u,517000.0,14/05/2016,1.0,1.0,0.0,129.0,-37.8261,145.0254
ID267487096,35 Thornton St,4,h,2425000.0,27/05/2017,3.0,1.0,638.0,99.0,-37.80719000000001,145.02248
ID332174225,4/6 May St,2,u,750000.0,3/12/2016,1.0,1.0,0.0,89.0,-37.8791,144.9923
ID201875855,1/11 Glengala Rd,3,h,453000.0,17/06/2017,1.0,1.0,305.0,13.0,-37.788740000000004,144.82398999999995
ID272095624,49 Service St,4,h,1740000.0,27/11/2016,3.0,2.0,414.0,69.0,-37.9401,145.0083
ID187869938,9/51 Napier St,2,u,370000.0,29/07/2017,1.0,1.0,0.0,59.0,-37.80474,144.9021
ID225932805,73 Pridham St,3,h,1610000.0,16/09/2017,2.0,1.0,111.0,129.0,-37.85169000000001,145.00557
ID906467639,1 Arnot St,5,h,2500000.0,10/12/2016,3.0,2.0,634.0,14.0,-37.9126,145.013
ID277478862,4A Jessie St,3,h,1340000.0,19/11/2016,2.0,1.0,165.0,22.0,-37.7814,145.0039
ID689267988,11/2 Theodore Ct,2,u,725000.0,8/07/2017,1.0,1.0,0.0,59.0,-37.83532,145.0216
ID670651450,26 Newsom St,3,h,1000000.0,12/11/2016,2.0,2.0,440.0,64.0,-37.7746,144.9031
ID301521204,6 Dalgety St,3,h,1250000.0,3/09/2016,1.0,2.0,644.0,39.0,-37.7419,145.0049
ID646276407,18 Hale Ct,4,h,1032000.0,3/06/2017,2.0,2.0,599.0,59.0,-37.848,145.14165
ID791635398,93 Tudor St,3,h,921000.0,16/04/2016,2.0,1.0,291.0,19.0,-37.919000000000004,145.0829
ID322797339,5 Iskandar Pl,5,h,1650000.0,22/05/2016,4.0,2.0,500.0,12.0,-37.7863,145.1105
ID585268295,32 Allendale Rd,3,h,877500.0,3/06/2017,2.0,1.0,979.0,7.0,-37.7917,145.29665
ID220441813,5 Boronia St,6,h,1650000.0,28/05/2016,3.0,2.0,713.0,91.0,-37.8328,145.10399999999996
ID754467596,12 Selola Ct,3,h,652500.0,27/11/2016,1.0,1.0,592.0,59.0,-37.6968,144.9674
ID337541825,14A Kernot St,3,h,775000.0,25/02/2017,1.0,1.0,435.0,19.0,-37.8279,144.873
ID650854129,1 Ross St,4,h,4000000.0,13/08/2016,4.0,4.0,324.0,49.0,-37.8439,145.0093
ID689908900,1/6 Wave St,1,u,347000.0,25/02/2017,1.0,1.0,0.0,49.0,-37.8839,144.9903
ID760421156,4/17 Howson St,2,h,545000.0,29/04/2017,1.0,1.0,0.0,49.0,-37.7711,144.9487
ID489259379,5/35 Jamieson St,3,t,1015000.0,8/10/2016,2.0,1.0,112.0,19.0,-37.7912,144.9825
ID444842131,38 Allison Av,3,h,2200000.0,9/09/2017,2.0,2.0,705.0,84.0,-37.86578,145.06886
ID493033354,1/194 Hyde St,3,h,780000.0,3/12/2016,2.0,2.0,213.0,15.0,-37.8175,144.8964
ID967822222,38 Caroline Dr,3,h,1350000.0,12/08/2017,2.0,3.0,725.0,24.0,-37.76616,145.11207
ID288034025,497 Albion St,5,h,1350000.0,7/11/2016,2.0,2.0,510.0,22.0,-37.7581,144.9414
ID221285219,56 Hamilton St,3,h,1145000.0,3/09/2016,1.0,1.0,350.0,129.0,-37.8094,144.8869
ID169255592,22 Miami St,3,h,1650000.0,6/08/2016,2.0,2.0,302.0,99.0,-37.8348,145.0453
ID381150447,2/6 Murra Ct,2,u,700000.0,22/08/2016,1.0,2.0,192.0,12.0,-37.8709,145.102
ID678322259,20 Westgarth St,2,h,1315000.0,18/03/2017,1.0,0.0,141.0,129.0,-37.7946,144.9765
ID609133209,199 Cumberland Rd,3,h,900000.0,14/05/2016,2.0,2.0,608.0,79.0,-37.7182,144.9405
ID145771371,2/55 Garnet St,3,t,820000.0,7/11/2016,2.0,1.0,229.0,7.0,-37.7462,144.8873
ID892989790,24 Brennan St,3,h,419000.0,17/06/2017,1.0,3.0,603.0,15.0,-37.70478,144.57211
ID280361365,21 Henty St,3,h,801000.0,13/05/2017,1.0,1.0,551.0,69.0,-37.7194,145.0015
ID390656979,1/271 Williams Rd,2,u,660000.0,27/06/2016,1.0,1.0,0.0,54.0,-37.8414,145.0043
ID478775573,36 Narrak Rd,4,h,1800000.0,3/09/2016,2.0,2.0,715.0,34.0,-37.811,145.0958
ID327453011,8/107 Victoria Rd,1,u,440000.0,8/04/2017,1.0,1.0,2306.0,49.0,-37.8227,145.0528
ID190626645,11/165 Noone St,2,u,640000.0,22/07/2017,2.0,1.0,533.0,8.0,-37.79443,144.99944
ID140158680,1 Diana Dr,4,h,1280000.0,17/06/2017,2.0,1.0,797.0,59.0,-37.80755,145.1638
ID205115609,67 Morley St,3,h,885000.0,8/04/2017,1.0,2.0,751.0,47.0,-37.6962,144.9376
ID984736717,1 George St,3,h,735000.0,8/10/2016,1.0,2.0,369.0,69.0,-37.7359,144.985
ID280408825,26 Serpentine St,3,t,1200000.0,27/06/2016,2.0,2.0,255.0,19.0,-37.8192,145.111
ID571279966,76 Castle St,4,h,1650000.0,10/09/2016,3.0,2.0,724.0,79.0,-37.7594,145.0594
ID857629471,34 Matthews St,3,h,950000.0,15/10/2016,1.0,4.0,704.0,61.0,-37.7933,144.8409
ID674805250,23 Morotai Pde,2,h,520000.0,22/05/2016,1.0,2.0,594.0,29.0,-37.7471,145.0427
ID940781674,123 Richardson St,4,h,2550000.0,19/08/2017,2.0,2.0,152.0,109.0,-37.84663,144.95681000000005
ID198316484,5 Gwent St,3,h,700000.0,22/07/2017,1.0,2.0,638.0,39.0,-37.980309999999996,145.15497
ID128423370,1 Monterey Bvd,3,h,452000.0,3/06/2017,1.0,0.0,624.0,57.0,-38.1187,145.14973
ID705710698,34 Council St,4,h,1480000.0,8/04/2017,2.0,2.0,656.0,54.0,-37.7833,145.1302
ID736087419,3/22 Stapley Cr,3,t,977500.0,22/07/2017,3.0,3.0,209.0,7.0,-37.88923,145.0964
ID317294388,25 Georges Rd,2,h,1040000.0,9/09/2017,1.0,1.0,766.0,69.0,-37.809020000000004,145.23561
ID309255254,79 North Rd,4,h,900000.0,3/09/2017,1.0,4.0,646.0,69.0,-37.723279999999995,145.01862
ID581030251,2/23 Peace St,3,t,1315000.0,29/04/2017,2.0,2.0,184.0,49.0,-37.8644,145.063
ID675659356,58 Bliburg St,3,h,421000.0,30/07/2016,1.0,1.0,607.0,59.0,-37.6864,144.9111
ID510632420,105/72 Cross St,1,u,375000.0,16/04/2016,1.0,1.0,0.0,99.0,-37.8006,144.881
ID838265680,4 Ella Ct,4,h,1300000.0,8/04/2017,2.0,2.0,872.0,49.0,-37.7906,145.1138
ID635694758,8 Charles St,4,h,1530000.0,8/10/2016,2.0,2.0,486.0,129.0,-37.8258,145.1116
ID124511210,53 Heller St,4,h,1150000.0,28/05/2016,1.0,2.0,519.0,109.0,-37.7747,144.9474
ID756819133,35 Green St,5,h,1420000.0,27/11/2016,3.0,1.0,455.0,13.0,-37.7653,145.0392
ID186777200,12 Witchwood Cl,3,t,1460000.0,4/06/2016,2.0,1.0,181.0,29.0,-37.8334,144.9867
ID937743509,6/108 George St,1,u,565000.0,24/09/2016,1.0,0.0,0.0,49.0,-37.8153,144.9868
ID921179123,2 Burge Cr,4,h,650000.0,22/07/2017,2.0,2.0,680.0,34.0,-37.86821,144.69566
ID407751733,4a Cohen St,3,h,583000.0,10/09/2016,1.0,1.0,412.0,16.0,-37.7459,144.8643
ID556428730,5 Rita St,5,h,2905000.0,27/05/2017,3.0,2.0,557.0,9.0,-37.76181,144.89327
ID136355422,32 Sweetland Rd,3,h,910000.0,13/05/2017,1.0,2.0,414.0,5.0,-37.8247,145.1359
ID314925614,85 The Parade,3,h,1310000.0,22/07/2017,1.0,2.0,523.0,119.0,-37.77255,144.91213
ID532948704,30 Clifton St,4,h,1572000.0,7/05/2016,2.0,2.0,662.0,54.0,-37.798,145.1007
ID784862898,31 Carrington Rd,2,h,1190000.0,19/11/2016,1.0,2.0,650.0,11.0,-37.7378,144.8893
ID546416611,38 Muriel St,4,h,1126000.0,3/12/2016,2.0,2.0,650.0,59.0,-37.7429,144.888
ID371443496,19 Hanke Rd,3,h,1450000.0,3/12/2016,1.0,1.0,638.0,49.0,-37.7912,145.1248
ID327161055,3/21 John St,2,h,655000.0,19/11/2016,1.0,1.0,156.0,44.0,-37.9024,145.1008
ID399936064,3 Hutton St,3,h,880000.0,4/03/2017,1.0,1.0,586.0,7.0,-37.786,144.871
ID586461910,42 Elinda Pl,2,u,395000.0,22/04/2017,1.0,1.0,166.0,29.0,-37.6986,145.024
ID403789563,75 Lowson St,3,h,720000.0,1/07/2017,1.0,2.0,603.0,3.0,-37.69863,144.96685
ID587755313,2/29 May Rd,1,u,430000.0,4/06/2016,1.0,1.0,0.0,49.0,-37.8473,145.0053
ID954712341,303/10 Hillingdon Pl,2,u,645000.0,13/05/2017,1.0,1.0,2842.0,99.0,-37.8513,144.9943
ID195510230,43 Christmas St,2,h,1286000.0,3/09/2016,1.0,1.0,245.0,129.0,-37.7662,145.0096
ID255786827,56 Asling St,3,t,1990000.0,22/04/2017,2.0,2.0,0.0,84.0,-37.900999999999996,145.0026
ID848383551,16 Lindenow St,3,h,893000.0,12/11/2016,1.0,3.0,528.0,10.0,-37.779,144.8829
ID686587967,94 Barkly St,4,h,1815000.0,6/08/2016,1.0,1.0,233.0,129.0,-37.7776,144.9727
ID551576922,56 Victoria St,5,h,2250000.0,24/06/2017,3.0,2.0,640.0,39.0,-37.95698,145.0166
ID950751940,26 Wills St,4,h,2000000.0,27/06/2016,1.0,2.0,739.0,89.0,-37.8039,145.0631
ID453685325,328 Carrick Dr,5,h,675000.0,17/06/2017,2.0,2.0,565.0,44.0,-37.68302,144.89327
ID175607457,4 Dane Rd,4,h,1200000.0,28/08/2016,2.0,2.0,0.0,17.0,-37.9405,145.0346
ID162160196,903/107 Beach St,2,u,1100000.0,3/09/2016,2.0,1.0,0.0,69.0,-37.8405,144.9319
ID706903189,52 Emily St,3,h,1200000.0,14/05/2016,2.0,1.0,588.0,26.0,-37.8937,145.0648
ID939373242,107 Cecil St,2,h,1300000.0,24/09/2016,1.0,1.0,157.0,119.0,-37.7941,144.98
ID623000407,10/446 Albion St,1,u,252000.0,25/02/2017,1.0,1.0,0.0,49.0,-37.7586,144.9433
ID458999439,8/18 Edgar St,2,u,680000.0,15/10/2016,1.0,1.0,0.0,73.0,-37.8566,145.0454
ID497458880,5 Amberley Ct,3,h,1230000.0,19/08/2017,1.0,1.0,757.0,39.0,-37.78094,145.10131
ID605847524,47 Lord St,2,h,1220000.0,10/12/2016,1.0,1.0,80.0,119.0,-37.8213,145.005
ID814945126,1/22 Harrington St,3,u,660000.0,12/08/2017,1.0,2.0,211.0,49.0,-37.86473,144.81507
ID756257418,1/3 Crescent Rd,2,u,667000.0,27/06/2016,1.0,1.0,83.0,59.0,-37.8355,145.0633
ID131597880,54 Ngarveno St,3,h,1111000.0,28/08/2016,1.0,2.0,502.0,109.0,-37.7693,144.9299
ID710721328,7/36 Grange Rd,1,u,541000.0,15/10/2016,1.0,1.0,0.0,49.0,-37.8373,145.0116
ID245975005,2/96 Dodds St,2,u,600000.0,27/05/2017,1.0,1.0,0.0,69.0,-37.8281,144.96627
ID247362477,9 Young St,4,h,1495000.0,9/09/2017,2.0,1.0,581.0,69.0,-37.907059999999994,145.09524
ID588219443,38 Charlbury Gr,4,h,632500.0,12/08/2017,2.0,2.0,592.0,59.0,-37.73084,144.78348
ID809069623,103 Sussex St,2,h,1570000.0,27/11/2016,1.0,1.0,746.0,69.0,-37.7304,144.9496
ID904052839,123/4 Bik La,2,u,490000.0,27/11/2016,1.0,1.0,4296.0,7.0,-37.7846,144.9785
ID353531148,312/1005 Mt Alexander Rd,1,u,330000.0,20/05/2017,1.0,1.0,0.0,5.0,-37.7478,144.912
ID446841614,29 Murray St,2,h,1500000.0,17/09/2016,1.0,2.0,222.0,89.0,-37.8501,144.9995
ID569835080,1/3 Clovelly Ct,2,u,751000.0,24/09/2016,1.0,1.0,711.0,54.0,-37.8144,145.0328
ID462918897,10 Knapp St,3,h,625000.0,28/05/2016,1.0,1.0,536.0,59.0,-37.8285,144.8351
ID848232732,8/11 Nicholson St,2,u,392500.0,6/05/2017,1.0,1.0,1783.0,59.0,-37.7949,144.9007
ID989845615,5/205 Williams Rd,1,u,523000.0,17/09/2016,1.0,0.0,0.0,79.0,-37.8458,145.0034
ID729018694,9 Wicks Ct,4,h,881500.0,10/09/2016,2.0,2.0,581.0,59.0,-37.9355,145.0979
ID459676541,15 Eveline St,4,h,1630000.0,23/09/2017,2.0,1.0,278.0,139.0,-37.77081,144.96318
ID204827223,2/29 St Elmo Rd,1,u,385000.0,30/07/2016,1.0,1.0,0.0,49.0,-37.7638,145.0458
ID875406187,14 Oxford St,3,h,905000.0,27/05/2017,1.0,4.0,697.0,69.0,-37.77004,144.84253999999999
ID718849197,373 Waterdale Rd,3,u,676000.0,30/07/2016,1.0,0.0,605.0,69.0,-37.7516,145.0457
ID342729238,12/66 Woornack Rd,1,u,250000.0,10/09/2016,1.0,1.0,0.0,59.0,-37.8982,145.0625
ID249936668,13/84 Campbell Rd,1,u,365000.0,12/11/2016,1.0,0.0,2274.0,52.0,-37.8339,145.055
ID435107291,9 Sargood St,2,h,642000.0,27/06/2016,1.0,0.0,167.0,79.0,-37.7477,144.9647
ID542341626,140 Purinuan Rd,2,h,791000.0,19/11/2016,1.0,3.0,720.0,49.0,-37.7076,145.017
ID416087798,5 Daours Ct,4,h,932500.0,22/04/2017,2.0,2.0,585.0,69.0,-37.7154,145.0777
ID404853150,6A Heather Gr,3,h,800000.0,12/08/2017,2.0,1.0,461.0,14.0,-37.825359999999996,145.22228
ID884879061,49 Roberts St,4,h,1010000.0,3/09/2017,1.0,2.0,612.0,36.0,-37.75035,144.86431000000005
ID490430364,8 Lygon St,4,h,1774500.0,14/05/2016,2.0,2.0,575.0,11.0,-37.8993,145.0254
ID443172485,131 Lord St,4,h,3335000.0,3/12/2016,2.0,2.0,319.0,126.0,-37.8244,145.0044
ID424049201,12 Jones Ct,3,h,1405000.0,27/05/2017,2.0,2.0,639.0,15.0,-37.693529999999996,145.06008
ID456633054,18/170 St Kilda Rd,3,u,720000.0,27/11/2016,1.0,1.0,0.0,89.0,-37.8612,144.985
ID671505349,4 Barry St,2,h,950000.0,29/07/2017,1.0,0.0,114.0,59.0,-37.78024,144.99289
ID770362046,4/13 Sylvester St,2,u,522000.0,8/10/2016,1.0,1.0,161.0,7.0,-37.7204,144.9131
ID816189730,4 Lyons St,3,h,600000.0,8/10/2016,1.0,2.0,702.0,69.0,-37.6999,144.9387
ID897252335,1172 North Rd,6,h,1900000.0,18/03/2017,2.0,6.0,1200.0,49.0,-37.9099,145.0875
ID197908056,47 Washington Dr,3,h,945000.0,3/06/2017,1.0,2.0,640.0,44.0,-37.93646,145.08728
ID713034035,1/123 Blyth St,2,t,720000.0,4/02/2016,1.0,2.0,292.0,6.0,-37.8687,144.8197
ID369516258,40 Wave St,3,h,1925000.0,28/08/2016,1.0,1.0,393.0,96.0,-37.8835,144.9873
ID190991891,31A Beaconsfield Rd,3,h,840000.0,1/07/2017,1.0,2.0,509.0,19.0,-37.708220000000004,145.11495
ID754096359,10/59 Young St,3,h,1326000.0,20/05/2017,2.0,2.0,718.0,13.0,-37.8065,144.9781
ID599480694,3 Hayball Ct,4,h,2415000.0,20/05/2017,3.0,2.0,402.0,44.0,-37.9037,144.9926
ID282379134,3 Mary St,4,h,4525000.0,22/08/2016,4.0,2.0,716.0,94.0,-37.8469,145.0377
ID791081191,105 William St,3,h,700000.0,29/07/2017,1.0,2.0,625.0,49.0,-37.67427,145.02961000000005
ID865404802,83 Grange Rd,3,h,1160000.0,8/10/2016,1.0,2.0,553.0,89.0,-37.8878,145.0456
ID902726553,79 Bamfield Rd,3,h,885000.0,3/06/2017,1.0,1.0,592.0,59.0,-37.737359999999995,145.05603
ID913484785,6/7 Houston St,3,u,392250.0,8/07/2017,1.0,1.0,227.0,7.0,-37.64836,145.03139
ID543479106,23 Wheatley Av,3,h,515000.0,3/09/2017,2.0,2.0,532.0,19.0,-37.62554,144.92006
ID264771571,11 Duffy St,3,h,680000.0,23/09/2017,1.0,1.0,237.0,21.0,-37.7104,145.00717
ID738873589,206 Montague St,2,h,1355000.0,9/09/2017,1.0,0.0,109.0,119.0,-37.83423,144.95243
ID160094960,2 Eildon St,3,t,888000.0,28/08/2016,2.0,1.0,192.0,49.0,-37.7942,145.1256
ID303296273,73 Pecham St,3,h,963500.0,27/05/2017,2.0,6.0,697.0,59.0,-37.69647,144.9113
ID400269772,10 Chris Ct,4,h,677000.0,27/05/2017,2.0,2.0,661.0,20.0,-37.69655,144.75538
ID544444597,6/36 Auburn Gr,2,u,500000.0,8/04/2017,1.0,1.0,710.0,59.0,-37.8259,145.0483
ID652234991,30 Shepherd St,3,h,730000.0,29/04/2017,1.0,3.0,586.0,17.0,-37.783,144.855
ID683391916,342 Gilbert Rd,4,h,1315000.0,19/11/2016,3.0,2.0,836.0,78.0,-37.7379,144.9903
ID535840135,33 Clunes St,2,h,705500.0,30/07/2016,1.0,1.0,770.0,69.0,-37.7159,145.0389
ID658506393,5/27 Venus St,1,u,290000.0,27/11/2016,1.0,1.0,0.0,49.0,-37.8943,145.0145
ID480464406,423 Burke Rd,3,h,1660000.0,10/09/2016,1.0,2.0,297.0,89.0,-37.847,145.0535
ID902329102,22 Nimmo St,4,h,1160000.0,10/09/2016,3.0,2.0,256.0,4.0,-37.7527,144.8957
ID567360729,211A Ballarat Rd,2,h,950000.0,11/02/2017,1.0,2.0,657.0,79.0,-37.7909,144.8884
ID829214964,4/463 South Rd,2,u,380000.0,8/07/2017,1.0,1.0,1.0,8.0,-37.9332,145.03794
ID636217654,3 Federation St,2,h,1005000.0,29/04/2017,1.0,1.0,202.0,8.0,-37.7737,144.9166
ID281752188,158 Neville St,2,h,1300000.0,8/04/2017,1.0,0.0,132.0,119.0,-37.8527,144.9657
ID957538191,4 Colston Cl,4,h,1250000.0,10/12/2016,2.0,2.0,780.0,49.0,-37.7955,145.139
ID546550377,14 Delhi St,4,h,1410000.0,23/09/2017,3.0,4.0,623.0,69.0,-37.92588,145.04808
ID263311682,255 Elgar Rd,4,h,1300000.0,10/09/2016,2.0,2.0,809.0,69.0,-37.8337,145.1118
ID893608034,3/32 Wimba Av,2,u,860000.0,12/08/2017,2.0,1.0,0.0,69.0,-37.80593,145.05121
ID910719181,3/1 Seisman Pl,2,u,735000.0,27/11/2016,1.0,1.0,0.0,19.0,-37.8424,144.9449
ID191989746,164 Lebanon St,3,t,600000.0,28/08/2016,3.0,2.0,717.0,59.0,-37.7234,144.9077
ID328302894,1/12 Brooks St,3,t,460000.0,15/10/2016,1.0,1.0,314.0,49.0,-37.7066,144.9733
ID993478728,1b Daphne St,3,h,928000.0,10/09/2016,2.0,1.0,145.0,21.0,-37.8233,145.0769
ID749468615,40 Smith St,2,h,970000.0,9/09/2017,1.0,0.0,82.0,119.0,-37.836059999999996,144.95164
ID646987852,111/99 Dow St,2,u,575000.0,4/03/2017,2.0,1.0,0.0,7.0,-37.8415,144.9412
ID775134274,9/5 Rothwell St,2,u,467000.0,3/12/2016,1.0,1.0,0.0,39.0,-37.7761,144.9201
ID857028042,3 Cuming St,2,h,856000.0,4/06/2016,1.0,1.0,261.0,139.0,-37.8157,144.887
ID276101227,2 Northgate Dr,4,h,775000.0,22/07/2017,2.0,2.0,520.0,29.0,-38.064859999999996,145.35031
ID588857287,3 Palermo St,3,h,2285000.0,15/10/2016,2.0,2.0,221.0,129.0,-37.8416,144.9959
ID429581585,1/76 Queen St,2,u,801250.0,26/08/2017,1.0,1.0,245.0,139.0,-37.870459999999994,144.83482
ID179486718,8a Pines Gr,2,h,480000.0,30/07/2016,1.0,2.0,0.0,24.0,-37.7157,144.9165
ID206340295,1/23 Bondi Rd,3,h,836000.0,3/06/2017,2.0,2.0,407.0,49.0,-38.06257,145.1226
ID493114347,16 Josephine Gr,2,h,1088000.0,22/08/2016,1.0,2.0,712.0,91.0,-37.7354,145.015
ID144308947,5/46 Kororoit Creek Rd,2,u,546000.0,8/04/2017,1.0,1.0,2023.0,40.0,-37.8573,144.8854
ID904373769,27 Beuron Rd,3,h,1001000.0,16/09/2017,1.0,2.0,667.0,119.0,-37.828720000000004,144.84558
ID571611918,2 Stewart St,3,h,940000.0,16/07/2016,1.0,1.0,397.0,79.0,-37.9064,145.0291
ID483853502,4 Adrian St,3,h,780000.0,22/05/2016,1.0,1.0,710.0,53.0,-37.9324,145.0577
ID791316517,80 Bunting St,2,h,951000.0,16/07/2016,1.0,0.0,108.0,114.0,-37.8259,145.0089
ID128763908,9a Ballater St,2,u,800000.0,16/04/2016,1.0,2.0,502.0,104.0,-37.7498,144.9048
ID240637027,106/246 Union Rd,3,u,790000.0,24/09/2016,2.0,1.0,0.0,99.0,-37.7722,144.9163
ID947377647,11/38 Grange Rd,3,u,950000.0,18/03/2017,1.0,1.0,57.0,59.0,-37.8371,145.012
ID821885311,2/7 Mayo St,2,t,410000.0,28/05/2016,2.0,2.0,204.0,11.0,-37.7982,144.82299999999995
ID278554416,2/43 Kangaroo Rd,2,u,825000.0,8/10/2016,1.0,1.0,0.0,44.0,-37.898,145.0734
ID245121255,165 Balwyn Rd,4,h,1900000.0,27/11/2016,2.0,1.0,665.0,79.0,-37.8057,145.0825
ID135097735,2 Donna St,3,h,532000.0,26/08/2017,1.0,2.0,474.0,26.0,-38.10429,145.17178
ID687445292,41 Witken Av,4,h,930000.0,29/07/2017,2.0,2.0,639.0,34.0,-37.8789,145.24262
ID913201278,401/18 Tanner St,2,u,691000.0,15/10/2016,2.0,1.0,0.0,11.0,-37.8231,144.9906
ID752563035,21 Finlay St,2,h,2130000.0,13/05/2017,1.0,1.0,236.0,131.0,-37.8436,144.9558
ID117817489,303/166 Flinders St,1,u,440000.0,22/08/2016,1.0,1.0,0.0,99.0,-37.8168,144.9691
ID396565761,61 Station Rd,3,h,990000.0,12/11/2016,1.0,0.0,371.0,109.0,-37.8066,144.8853
ID911615416,308/700 Chapel St,1,u,480000.0,7/11/2016,1.0,1.0,0.0,19.0,-37.8361,144.9966
ID225947443,6 The Avenue,3,u,601000.0,8/04/2017,1.0,2.0,220.0,29.0,-37.7131,144.9091
ID905573823,1/10 Florence Rd,2,u,813000.0,28/01/2016,1.0,2.0,108.0,99.0,-37.8276,145.1023
ID962318644,72b David St,2,t,890000.0,7/05/2016,2.0,2.0,181.0,59.0,-37.9433,145.019
ID577615646,12/412 High St,2,u,680000.0,6/05/2017,2.0,1.0,1106.0,10.0,-37.7679,144.9994
ID691580815,42 Snowdon Dr,3,h,975000.0,26/08/2017,2.0,2.0,595.0,49.0,-37.97334,145.08192
ID447846174,144 Marshall Rd,3,h,715000.0,18/03/2017,2.0,2.0,422.0,24.0,-37.7164,144.8792
ID259165884,21 Leslie St,3,h,1090000.0,7/05/2016,1.0,3.0,283.0,79.0,-37.8127,145.0073
ID638480620,1/3 Euston Rd,3,t,900000.0,26/07/2016,2.0,1.0,360.0,44.0,-37.8937,145.0779
ID373702296,20 Servante St,3,h,735000.0,15/10/2016,1.0,3.0,435.0,49.0,-37.7877,144.838
ID816178843,5/26 Florence Rd,2,u,550000.0,16/04/2016,1.0,1.0,174.0,71.0,-37.8291,145.1015
ID904247363,4/4 Powell St,1,u,401500.0,15/07/2017,1.0,1.0,10.0,59.0,-37.841570000000004,144.98935
ID811303136,7 Maidstone St,2,h,1030000.0,27/05/2017,1.0,1.0,743.0,6.0,-37.8732,144.81331
ID649398967,20 Greig St,3,h,881000.0,18/06/2016,1.0,2.0,217.0,129.0,-37.8075,144.8909
ID228023628,85 Victoria Cr,4,h,2500000.0,16/09/2017,3.0,3.0,402.0,69.0,-37.8137,145.11013
ID535840135,33 Clunes St,2,h,705500.0,30/07/2016,1.0,1.0,770.0,69.0,-37.7159,145.0389
ID311420143,9 Jackson St,3,h,1197000.0,26/08/2017,2.0,2.0,651.0,59.0,-37.83455,145.16173999999995
ID263246329,5 Donne St,3,h,1090000.0,12/11/2016,1.0,1.0,464.0,59.0,-37.753,144.9485
ID200249745,15 Eureka Rd,3,h,435000.0,27/05/2017,1.0,2.0,608.0,9.0,-37.6204,144.71138
ID396137273,15 Greer St,4,h,1000000.0,22/07/2017,2.0,1.0,180.0,25.0,-37.796859999999995,144.908
ID891603065,169 Anderson Rd,3,h,730000.0,29/04/2017,1.0,2.0,638.0,59.0,-37.6952,144.9613
ID309904433,16 North Rd,3,h,765000.0,15/10/2016,1.0,2.0,551.0,49.0,-37.7214,145.0241
ID872125175,2/14 Brickwood St,2,u,855000.0,17/06/2017,1.0,1.0,106.0,34.0,-37.89571,144.99796
ID667614778,34 Martin St,4,h,1031000.0,22/05/2016,1.0,1.0,570.0,79.0,-37.7523,145.0604
ID611646002,34 Selwyn Av,3,h,1820000.0,29/07/2017,2.0,3.0,144.0,9.0,-37.88617,144.9833
ID886144910,6/51 Armadale St,2,u,704000.0,19/11/2016,1.0,1.0,0.0,50.0,-37.8573,145.0186
ID317606389,17 Braid St,2,h,650000.0,8/04/2017,1.0,1.0,452.0,69.0,-37.804,144.8772
ID976997948,49 Berkeley St,3,h,5100000.0,3/12/2016,2.0,3.0,1038.0,14.0,-37.8332,145.0366
ID294742897,11 Rebecca Cl,5,h,835500.0,29/07/2017,5.0,4.0,570.0,29.0,-38.03335,145.13212
ID432406598,77 Hillsyde Pde,2,h,790000.0,3/06/2017,2.0,1.0,213.0,29.0,-37.73519,144.92373999999995
ID740669545,4/48 New St,3,u,1635000.0,20/05/2017,2.0,2.0,1803.0,8.0,-37.8544,145.0164
ID602547461,9 Moore St,3,h,1125000.0,24/09/2016,1.0,0.0,146.0,109.0,-37.8454,144.9888
ID978810109,13A Queens Pde,3,t,577000.0,27/05/2017,1.0,1.0,164.0,16.0,-37.71976,144.97121
ID756396872,704/8 Howard St,3,u,760000.0,14/05/2016,2.0,1.0,0.0,14.0,-37.8331,144.9975
ID793540603,7 Carmody St,3,t,918000.0,17/06/2017,2.0,1.0,207.0,7.0,-37.85682,145.10873
ID438945814,6 Tilley St,3,h,1145000.0,27/05/2017,1.0,2.0,584.0,69.0,-37.96911,145.07271
ID662226496,108/33 Jeffcott St,3,u,660000.0,7/05/2016,2.0,1.0,0.0,21.0,-37.8118,144.9526
ID410464466,271 Edward St,2,h,1105000.0,3/06/2017,1.0,2.0,173.0,129.0,-37.775240000000004,144.97529
ID715434570,36 Matthews St,5,h,895000.0,7/05/2016,2.0,2.0,690.0,59.0,-37.7933,144.8408
ID543623222,206/424 Gore St,1,u,458000.0,27/06/2016,1.0,1.0,0.0,119.0,-37.7964,144.9839
ID296867161,4/71 Station Rd,2,t,400000.0,8/07/2017,1.0,1.0,102.0,7.0,-37.711220000000004,144.91863
ID210848654,3/26 Tyler St,2,u,465000.0,3/06/2017,1.0,1.0,163.0,69.0,-37.733109999999996,145.03552
ID222069376,39 Blair St,1,h,1100000.0,22/07/2017,1.0,1.0,1312.0,29.0,-37.6821,144.92773
ID666312034,21 Emerald St,3,h,820000.0,23/09/2017,1.0,2.0,493.0,21.0,-37.74305,145.01811999999995
ID386704290,14 Beths St,4,h,2700000.0,17/06/2017,4.0,2.0,673.0,84.0,-37.91888,145.04775
ID466906102,135 Suffolk St,3,h,709000.0,22/05/2016,1.0,1.0,405.0,59.0,-37.79,144.86700000000005
ID740907882,59 Batman St,2,h,1275000.0,24/06/2017,1.0,0.0,153.0,12.0,-37.78327,144.9791
ID396500403,1 Bruce St,4,h,1655000.0,12/08/2017,2.0,4.0,651.0,111.0,-37.90296,145.02261000000001
ID629768991,13 Annadale St,3,h,1635000.0,3/09/2016,1.0,2.0,396.0,29.0,-37.8102,145.0451
ID900980464,77 Nicholson St,2,h,1250000.0,27/05/2017,1.0,2.0,368.0,99.0,-37.91304,145.0373
ID919368794,2 Country La,3,h,1009000.0,16/09/2017,2.0,2.0,663.0,39.0,-37.7417,145.0958
ID341351135,3/859 Toorak Rd,3,t,1590000.0,19/11/2016,2.0,2.0,289.0,9.0,-37.8451,145.0525
ID830046094,90 Molesworth St,3,h,1635000.0,3/09/2016,1.0,0.0,517.0,139.0,-37.7967,144.9472
ID531960103,33 Thoresby Gr,4,h,2350000.0,4/03/2017,2.0,2.0,638.0,59.0,-37.7641,145.0501
ID235714003,1/3 Brady Rd,3,u,830000.0,28/08/2016,2.0,2.0,395.0,18.0,-37.9364,145.0649
ID849187088,29/78 Oxford St,2,u,860000.0,30/07/2016,2.0,1.0,0.0,99.0,-37.8035,144.985
ID801630680,6 Aquila St,5,h,3000000.0,26/08/2017,4.0,2.0,830.0,69.0,-37.78739,145.07388999999995
ID828326214,59 Winifred St,4,h,921000.0,29/07/2017,1.0,4.0,550.0,69.0,-37.7204,144.9143
ID220540833,25 Glover St,4,h,800000.0,16/04/2016,2.0,2.0,601.0,69.0,-37.9278,145.08100000000005
ID898243049,2 Ormiston St,4,h,1400000.0,23/09/2017,2.0,2.0,664.0,54.0,-37.863009999999996,145.14145
ID944029104,305/45 York St,1,u,402000.0,17/09/2016,1.0,1.0,0.0,119.0,-37.813,144.993
ID486570963,60 Teague St,3,h,1200000.0,8/04/2017,1.0,1.0,650.0,64.0,-37.7436,144.8856
ID897681594,3a Cowra St,3,t,1425000.0,28/05/2016,2.0,2.0,495.0,77.0,-37.9049,145.0069
ID582553189,47 Charles St,3,h,1600000.0,22/05/2016,2.0,1.0,261.0,139.0,-37.803000000000004,144.9806
ID625220473,14/125 Ormond Rd,2,u,800000.0,20/05/2017,2.0,2.0,0.0,18.0,-37.8857,144.9884
ID636465444,15 Berwick St,3,h,751000.0,27/11/2016,1.0,2.0,604.0,79.0,-37.723,145.0024
ID174856276,4/308 Hampton St,2,u,875500.0,18/03/2017,2.0,1.0,225.0,49.0,-37.9442,145.0018
ID942524683,35 Astley St,3,h,900000.0,27/05/2017,1.0,1.0,575.0,39.0,-37.720890000000004,145.11987
ID547407317,473 Melbourne Rd,3,h,920000.0,4/06/2016,2.0,2.0,296.0,109.0,-37.8395,144.8825
ID718033499,2/919 Dandenong Rd,1,u,350000.0,10/12/2016,1.0,1.0,0.0,44.0,-37.8769,145.0471
ID596692272,1/51 Brunswick Rd,2,h,620000.0,29/07/2017,1.0,1.0,123.0,59.0,-37.7784,144.97404
ID838058468,112 Mason St,3,t,747000.0,24/09/2016,2.0,2.0,753.0,14.0,-37.8413,144.8741
ID607790118,4 Clematis Pl,5,h,621000.0,10/12/2016,2.0,2.0,596.0,22.0,-37.7981,144.7936
ID497470647,6 Whernside Ct,4,h,710000.0,15/07/2017,1.0,2.0,666.0,34.0,-37.67626,145.0659
ID856970646,46 Eglinton St,4,h,1525000.0,26/08/2017,3.0,1.0,233.0,49.0,-37.768840000000004,144.91708
ID854392008,65 Caroline St,3,t,3475000.0,20/05/2017,3.0,1.0,296.0,49.0,-37.8366,144.9882
ID247113427,202 Raglan St,3,h,945000.0,3/06/2017,1.0,2.0,349.0,79.0,-37.74946,145.00875
ID751842667,17 Fidge Ct,2,h,575500.0,8/07/2017,1.0,1.0,662.0,59.0,-37.68988,144.91113
ID165631727,22/3 Alfred Sq,1,u,520000.0,8/04/2017,1.0,1.0,2422.0,49.0,-37.8644,144.9741
ID691201247,51 Beavers Rd,2,h,910000.0,30/07/2016,1.0,1.0,150.0,24.0,-37.7665,144.9955
ID800160974,8 Hadley Ct,2,h,1723000.0,26/07/2016,1.0,1.0,553.0,12.0,-37.8464,145.0511
ID452979909,34a Preston St,3,h,631000.0,24/09/2016,2.0,2.0,297.0,7.0,-37.6994,144.9686
ID132111481,77 Buckingham St,3,h,1182000.0,14/05/2016,1.0,1.0,199.0,99.0,-37.8139,145.0039
ID130894429,1/38 Donald St,2,t,1540000.0,22/05/2016,2.0,1.0,113.0,74.0,-37.8481,144.9869
ID236883096,8/6 Irving St,2,u,740000.0,25/02/2017,1.0,1.0,0.0,52.0,-37.8597,145.0322
ID861953900,5 Miranda Pl,4,h,650000.0,16/09/2017,2.0,2.0,710.0,59.0,-38.16802,145.14348999999999
ID793137482,51 Dixon St,2,h,1611000.0,12/11/2016,1.0,2.0,277.0,11.0,-37.8586,145.0375
ID480129020,6/39 St Kinnord St,1,u,310000.0,22/07/2017,1.0,1.0,1715.0,49.0,-37.75882,144.9027
ID625626771,88 Monash St,2,h,720000.0,28/05/2016,1.0,2.0,465.0,11.0,-37.7889,144.8362
ID459300729,3/5 Kent Rd,2,u,400000.0,23/04/2016,1.0,1.0,0.0,14.0,-37.8248,145.1215
ID183628353,2/14 Nash St,2,u,480000.0,14/05/2016,1.0,1.0,0.0,39.0,-37.8559,145.049
ID445330605,52 Parramatta Rd,4,h,490500.0,3/09/2017,2.0,2.0,586.0,18.0,-37.88639000000001,144.6555
ID790286701,29 MacGregor St,3,h,1915000.0,16/04/2016,2.0,2.0,700.0,99.0,-37.8807,145.0547
ID215372410,37 Roxburgh St,3,h,1306000.0,15/07/2017,1.0,0.0,199.0,119.0,-37.77561,144.91695
ID730277121,6 Cassowary Av,3,h,505000.0,15/07/2017,2.0,4.0,557.0,32.0,-37.87975,144.66459
ID171617301,7 Rathmines St,3,h,1350000.0,3/12/2016,1.0,2.0,309.0,19.0,-37.7828,145.0154
ID914676605,54 Sussex St,3,h,890000.0,3/09/2017,1.0,2.0,338.0,113.0,-37.8195,144.88908
ID231295131,22 McPherson St,4,h,1310000.0,16/04/2016,3.0,2.0,475.0,129.0,-37.7609,144.9285
ID282586818,28 Campbell St,6,h,2000000.0,8/04/2017,2.0,2.0,702.0,93.0,-37.9193,145.033
ID365106149,3 Peacock St,3,h,1468000.0,11/02/2017,1.0,2.0,706.0,17.0,-37.8509,145.1161
ID904286476,7 Gladstone St,4,h,1250000.0,10/12/2016,1.0,2.0,613.0,59.0,-37.7433,144.9762
ID160950475,2 Delhi St,2,h,1402000.0,6/05/2017,1.0,4.0,616.0,69.0,-37.9257,145.0469
ID385518711,4 Lennox St,3,h,840000.0,15/10/2016,1.0,0.0,307.0,109.0,-37.7704,144.9083
ID272194326,3/50 Denbigh Rd,2,u,546000.0,30/07/2016,0.0,0.0,0.0,6.0,-37.8568,145.0161
ID308632668,24 Stymie St,5,h,1000000.0,11/02/2017,2.0,2.0,544.0,19.0,-37.7147,145.0296
ID503654601,5 Glenice St,3,h,740000.0,27/05/2017,1.0,3.0,580.0,57.0,-37.71536,145.10205
ID910011561,168 Mary St,4,h,2368000.0,3/09/2017,1.0,3.0,390.0,69.0,-37.82483,145.00111
ID747275222,6/35 Scott Gr,2,u,523000.0,1/07/2017,1.0,1.0,0.0,54.0,-37.85546,145.04998
ID772119683,409/216 Rouse St,2,u,665000.0,3/06/2017,2.0,1.0,1472.0,9.0,-37.840959999999995,144.93791000000004
ID511231096,21A Geddes St,3,h,1037500.0,19/11/2016,1.0,2.0,506.0,99.0,-37.7779,144.9133
ID261668321,2/8 Evelina St,4,t,1400000.0,12/11/2016,3.0,2.0,241.0,10.0,-37.8042,145.1042
ID700583697,13 Leonardo Dr,4,h,720000.0,9/09/2017,2.0,2.0,573.0,39.0,-37.60686,145.08615
ID793270063,74 Chirnside St,3,h,1340000.0,19/11/2016,2.0,0.0,272.0,104.0,-37.8079,144.8825
ID999591958,18 Carlsberg Rd,4,h,3300000.0,29/07/2017,2.0,3.0,1783.0,59.0,-37.76457,145.06555
ID903715984,22 Reid St,3,h,1620000.0,8/07/2017,2.0,1.0,669.0,104.0,-37.90583,145.07283
ID649551858,28 Moubray St,2,h,2015000.0,3/06/2017,1.0,2.0,178.0,129.0,-37.84098,144.95115
ID374846776,49 Bellett St,4,h,2513000.0,13/05/2017,2.0,3.0,696.0,109.0,-37.8355,145.0665
ID522446669,1/17 Cosy Gum Rd,2,u,750000.0,8/07/2017,1.0,2.0,0.0,49.0,-37.88368,145.0515
ID114338979,1 Athol St,4,h,1350000.0,10/09/2016,2.0,2.0,447.0,139.0,-37.7704,144.9199
ID193141105,44 Thompson St,3,t,1250000.0,10/09/2016,2.0,2.0,326.0,19.0,-37.903,145.0285
ID275837460,23/146 Power St,1,u,320000.0,3/12/2016,1.0,0.0,0.0,69.0,-37.8235,145.0258
ID915992751,14 Tuck St,3,h,1199000.0,24/06/2017,2.0,2.0,552.0,54.0,-37.97069000000001,145.05928
ID376152921,33 Dunbarton Dr,4,h,908000.0,29/07/2017,2.0,1.0,815.0,39.0,-37.84839,145.24191000000005
ID658234060,2059 Malvern Rd,3,h,1380000.0,8/04/2017,1.0,2.0,572.0,109.0,-37.8757,145.066
ID281304456,40 Coates St,2,t,680000.0,27/11/2016,1.0,1.0,83.0,21.0,-37.9259,145.0341
ID857738309,30 Stennis St,3,h,770000.0,3/12/2016,1.0,0.0,464.0,59.0,-37.7301,144.9487
ID895664286,3/1 Elm St,1,u,480000.0,13/08/2016,1.0,1.0,0.0,79.0,-37.8128,145.0171
ID543032458,4/5 Southey Ct,2,u,717000.0,12/06/2016,1.0,1.0,0.0,69.0,-37.8758,144.9874
ID363273230,115/150 Peel St,2,u,470000.0,7/11/2016,1.0,1.0,0.0,13.0,-37.8044,144.9566
ID615689160,63 Lovell Dr,3,h,600000.0,24/06/2017,1.0,3.0,565.0,49.0,-37.764540000000004,144.80611000000005
ID228153276,21 Hughes St,3,h,575000.0,10/12/2016,1.0,3.0,559.0,64.0,-37.7923,144.852
ID994264224,103 Longview Rd,4,h,2000000.0,13/05/2017,2.0,2.0,627.0,64.0,-37.7848,145.0788
ID380923535,9/80 Hobsons Rd,3,t,855000.0,3/06/2017,2.0,1.0,68.0,44.0,-37.79554,144.91679
ID218291141,254 Neerim Rd,2,h,1350000.0,6/08/2016,2.0,2.0,265.0,99.0,-37.8881,145.0537
ID868735946,12 Stanley St,3,h,756000.0,13/08/2016,1.0,1.0,353.0,94.0,-37.7915,144.8733
ID264771571,11 Duffy St,3,h,680000.0,23/09/2017,1.0,1.0,237.0,21.0,-37.7104,145.00717
ID132049554,7a Woorigoleen Rd,3,t,2650000.0,10/09/2016,3.0,2.0,0.0,19.0,-37.8428,145.0171
ID702886510,4/425 Station St,4,h,880000.0,4/03/2017,2.0,2.0,206.0,16.0,-37.828,145.1215
ID693638021,34 Acland St,2,h,1301000.0,13/05/2017,1.0,1.0,165.0,109.0,-37.8658,144.9774
ID762543556,5/13 Toward St,2,t,690000.0,4/06/2016,1.0,1.0,129.0,94.0,-37.8927,145.0691
ID186539491,604/353 Napier St,2,u,830000.0,8/07/2017,2.0,1.0,4421.0,8.0,-37.79721,144.98073
ID661021125,1/16 Leake St,4,u,1170000.0,19/11/2016,2.0,2.0,0.0,6.0,-37.7465,144.91
ID189905167,3/145 Glen Huntly Rd,2,u,670000.0,16/07/2016,2.0,1.0,0.0,49.0,-37.883,144.9916
ID313178277,8 Mawson St,5,h,4515000.0,13/05/2017,4.0,2.0,800.0,7.0,-37.8147,145.0571
ID424273743,4/64 Edward St,3,u,760000.0,17/06/2017,1.0,1.0,178.0,16.0,-37.96224,145.01683
ID323804835,23 Grange Rd,5,h,4850000.0,12/11/2016,4.0,4.0,957.0,89.0,-37.8112,145.05700000000004
ID298950729,2 Elgar Rd,3,h,1300000.0,4/06/2016,1.0,1.0,667.0,69.0,-37.8489,145.1093
ID830802723,5/21 Cumming St,2,u,656000.0,18/03/2017,1.0,1.0,0.0,49.0,-37.7609,144.9425
ID164467914,5/6 St James Rd,2,u,590000.0,27/05/2017,1.0,1.0,903.0,52.0,-37.859629999999996,145.02077
ID620334432,13 Wilson St,3,h,696000.0,18/03/2017,1.0,0.0,557.0,59.0,-37.7899,144.8515
ID835418006,16b Regent St,3,t,1511000.0,24/09/2016,2.0,2.0,496.0,7.0,-37.9237,145.0075
ID626162534,98 Hotham St,3,h,1470000.0,18/03/2017,2.0,0.0,150.0,119.0,-37.7968,144.9924
ID880894840,77 Dennis St,3,h,860000.0,7/05/2016,1.0,1.0,213.0,8.0,-37.766,145.0039
ID491270258,371 Elgar Rd,2,h,1320000.0,3/09/2016,1.0,1.0,613.0,69.0,-37.8238,145.1135
ID505719443,1/37 Thornhill Dr,3,h,575000.0,24/06/2017,1.0,1.0,307.0,29.0,-37.72545,144.80397
ID454708756,7/16 Leake St,2,u,510000.0,22/04/2017,2.0,1.0,0.0,14.0,-37.7465,144.91
ID890970483,254 Faraday St,3,h,1590000.0,7/05/2016,2.0,2.0,100.0,119.0,-37.7983,144.9655
ID774917737,15 Virginia St,3,h,1850000.0,8/07/2017,1.0,1.0,717.0,59.0,-37.87754,145.12076000000005
ID968716873,38 Wiltshire Dr,2,u,591000.0,22/07/2017,1.0,2.0,0.0,132.0,-37.794129999999996,145.02382
ID959698747,314 Liberty Pde,3,h,580000.0,27/05/2017,1.0,2.0,429.0,69.0,-37.73704,145.03697
ID298819985,110/171 Flemington Rd,2,u,550000.0,7/11/2016,1.0,2.0,0.0,44.0,-37.7955,144.9492
ID481361269,12 Redgum Dr,4,h,895000.0,23/09/2017,2.0,2.0,400.0,39.0,-37.765859999999996,144.85193
ID957432310,7/20 Abbotsford St,1,u,441000.0,14/05/2016,1.0,1.0,0.0,10.0,-37.8016,144.9988
ID541751116,1001/639 Little Bourke St,2,u,470000.0,18/03/2017,1.0,2.0,0.0,102.0,-37.816,144.9535
ID626391603,3/103 Cyprus St,2,u,383000.0,27/05/2017,1.0,2.0,138.0,25.0,-37.67527000000001,145.02775
ID826678850,4 James St,3,h,1097000.0,13/05/2017,1.0,1.0,372.0,79.0,-37.7634,144.9434
ID497106888,32 Page St,2,h,1340000.0,25/02/2017,1.0,0.0,136.0,109.0,-37.846,144.9517
ID679957228,16 Heather Ct,3,h,695000.0,3/06/2017,1.0,2.0,649.0,64.0,-37.69777,144.91952
ID291169398,65 Graham St,2,h,1322500.0,15/10/2016,1.0,0.0,149.0,129.0,-37.8443,144.9481
ID563393328,34 Moorna Dr,4,h,978000.0,24/09/2016,3.0,2.0,532.0,44.0,-37.7263,144.869
ID391376997,61 Doyle St,3,h,635000.0,26/07/2016,1.0,1.0,597.0,59.0,-37.7568,144.8572
ID660187722,3/61 Ormond Rd,2,u,559000.0,17/09/2016,1.0,1.0,1307.0,59.0,-37.8838,144.9853
ID125271204,6 Elswill St,5,h,1351000.0,20/05/2017,2.0,2.0,652.0,19.0,-37.9311,145.0651
ID329799351,73 The Avenue,3,h,1040000.0,3/09/2016,1.0,3.0,690.0,69.0,-37.8272,144.8789
ID600105202,35 Chomley St,2,h,1180000.0,23/04/2016,1.0,0.0,214.0,119.0,-37.8577,145.0053
ID695445580,6/7 Judd St,2,u,435000.0,28/05/2016,1.0,1.0,0.0,39.0,-37.8986,145.0567
ID360539114,1 Gowanbrae Dr,3,h,631000.0,3/09/2016,2.0,2.0,608.0,18.0,-37.709,144.8925
ID961383087,29 Glenroy Rd,3,h,820000.0,22/04/2017,1.0,1.0,697.0,59.0,-37.7073,144.9355
ID640268663,14 Musk Ct,3,h,295000.0,27/05/2017,1.0,4.0,600.0,44.0,-37.68734,144.58001000000004
ID951103816,34 Mitchell St,3,h,905000.0,27/06/2016,1.0,2.0,696.0,19.0,-37.7832,144.8864
ID739644312,2/382 Williamstown Rd,2,h,630000.0,19/11/2016,2.0,2.0,168.0,19.0,-37.8225,144.8814
ID549576367,408/633 Church St,2,u,760000.0,27/11/2016,1.0,1.0,0.0,19.0,-37.833,144.997
ID326651266,2/31 Cumming St,3,t,670000.0,20/05/2017,1.0,2.0,109.0,9.0,-37.7609,144.9416
ID557420477,11 Thomson St,3,h,625000.0,3/12/2016,1.0,1.0,203.0,69.0,-37.7853,144.843
ID143675406,4 Collins St,3,h,720000.0,4/03/2017,1.0,0.0,505.0,89.0,-37.7375,145.0555
ID125271204,6 Elswill St,5,h,1351000.0,20/05/2017,2.0,2.0,652.0,19.0,-37.9311,145.0651
ID400709083,7 Morrow St,3,h,910000.0,22/08/2016,1.0,2.0,717.0,69.0,-37.7525,144.9321
ID395519219,3/80 Delaware St,1,u,407000.0,20/05/2017,1.0,1.0,108.0,12.0,-37.7196,145.0092
ID976574269,4/4 Austin St,3,t,670000.0,27/05/2017,2.0,2.0,239.0,16.0,-37.885999999999996,145.28646
ID565688108,8 Kinkora Rd,4,h,2010000.0,24/06/2017,3.0,3.0,451.0,49.0,-37.81633,145.02833
ID738763919,6/14 Woorigoleen Rd,3,u,1350000.0,12/08/2017,2.0,1.0,187.0,79.0,-37.84297,145.01819
ID549905280,205/88 Dow St,2,u,730000.0,22/04/2017,1.0,1.0,0.0,14.0,-37.842,144.9413
ID875674718,68 Queens Pde,4,h,874000.0,19/08/2017,1.0,2.0,687.0,99.0,-37.71879000000001,144.9651
ID321133069,1/10 Norma St,2,u,425500.0,15/10/2016,1.0,0.0,153.0,49.0,-37.7912,144.8439
ID918176392,1/58 Cawkwell St,2,u,584000.0,28/08/2016,1.0,1.0,0.0,48.0,-37.854,145.041
ID596407510,24 County Tce,4,h,1020000.0,29/07/2017,2.0,2.0,560.0,29.0,-37.77791,145.26912
ID564692653,607/140 Swan St,2,u,662500.0,19/11/2016,1.0,1.0,0.0,4.0,-37.8255,144.9948
ID155064446,16 Tribe St,3,h,2000000.0,15/10/2016,2.0,1.0,161.0,129.0,-37.8383,144.9499
ID982007950,24 Goulburn St,3,h,1225000.0,3/06/2017,1.0,0.0,230.0,119.0,-37.81493,144.88974
ID727523326,33 Tyrone St,2,h,1200000.0,28/05/2016,1.0,1.0,163.0,119.0,-37.8446,144.9879
ID394670841,2/5 Camperdown St,2,u,905000.0,15/10/2016,1.0,2.0,189.0,39.0,-37.9172,145.0072
ID832435470,13 Lobelia Ct,3,h,980000.0,17/06/2017,2.0,2.0,702.0,39.0,-37.97658,145.11887
ID389740614,15 River Dr,3,h,725000.0,15/10/2016,1.0,4.0,606.0,7.0,-37.751999999999995,144.85399999999996
ID297774177,13/177 Power St,2,u,525000.0,7/11/2016,1.0,1.0,0.0,5.0,-37.8265,145.0257
ID432465727,1/205 Grange Rd,2,u,640000.0,26/07/2016,1.0,1.0,1784.0,49.0,-37.8966,145.0453
ID914593980,13 Union St,3,h,735000.0,15/10/2016,1.0,1.0,490.0,49.0,-37.7892,144.8432
ID936261633,37 Spencer Pl,3,t,1500000.0,16/09/2017,2.0,2.0,72.0,8.0,-37.81937,145.00146
ID545821980,7 Valdemar Ct,4,h,1447000.0,25/02/2017,1.0,2.0,590.0,20.0,-37.9286,145.0274
ID693463053,2/12 Jones St,2,t,685000.0,13/08/2016,2.0,1.0,0.0,17.0,-37.7617,144.9642
ID952773347,111 Cecil St,2,h,1000000.0,3/09/2016,1.0,0.0,128.0,109.0,-37.7941,144.9802
ID585599664,712/8 Howard St,2,u,927000.0,29/07/2017,1.0,2.0,0.0,19.0,-37.83305,144.99745
ID802782558,2/746 Barkly St,2,t,520000.0,16/07/2016,1.0,1.0,148.0,109.0,-37.7956,144.8641
ID555887021,2 Mimosa Rd,2,h,490000.0,29/07/2017,1.0,2.0,374.0,29.0,-37.6745,145.05491
ID547285733,2 Tregarron Av,4,h,2550000.0,12/08/2017,2.0,3.0,776.0,42.0,-37.80869000000001,145.06026
ID435272585,11 McPhail St,2,h,870000.0,16/07/2016,1.0,2.0,319.0,99.0,-37.7555,144.9118
ID715669863,14 Norfolk Pl,2,t,1000000.0,6/05/2017,2.0,1.0,156.0,59.0,-37.8486,145.0321
ID278378617,12 Rudyard St,3,h,920000.0,7/05/2016,1.0,3.0,583.0,64.0,-37.9272,145.0804
ID223497090,3/595 Burke Rd,2,t,775000.0,27/11/2016,2.0,1.0,103.0,59.0,-37.8406,145.0545
ID309618514,25 Hardy St,4,h,1500000.0,3/12/2016,3.0,1.0,365.0,129.0,-37.7624,144.9671
ID979797819,3/22 Scottsdale St,2,u,899000.0,25/02/2017,1.0,1.0,226.0,39.0,-37.8327,145.1019
ID893877323,90 Bryant St,2,h,1100000.0,6/05/2017,1.0,1.0,186.0,109.0,-37.7837,144.9338
ID962866328,8 Murray Dr,3,h,1588000.0,19/08/2017,2.0,2.0,708.0,54.0,-37.84625,145.10116000000005
ID563049135,4/176 Ayr St,2,u,782000.0,22/04/2017,1.0,1.0,261.0,35.0,-37.7731,145.1044
ID651610997,1/5 Leonard St,4,t,1680000.0,12/08/2017,2.0,1.0,254.0,24.0,-37.81007,145.06792
ID778158737,24 Outlook Dr,3,h,1250000.0,19/11/2016,2.0,2.0,900.0,49.0,-37.7902,145.1344
ID260966013,1/60 Moonya Rd,3,u,820000.0,3/09/2016,1.0,2.0,0.0,30.0,-37.897,145.0623
ID811475293,37/85 Rouse St,2,u,1035000.0,10/09/2016,2.0,1.0,0.0,16.0,-37.8435,144.9415
ID733087291,38 Wellington St,3,h,850000.0,4/03/2017,1.0,1.0,361.0,69.0,-37.7916,144.8673
ID458036221,3/80 Rathcown Rd,2,u,470000.0,27/05/2017,1.0,1.0,142.0,12.0,-37.70932,145.02483999999995
ID448089156,3/5 Austral Ct,4,t,828000.0,17/06/2017,2.0,2.0,264.0,19.0,-37.743520000000004,145.08082
ID783273736,181 Abbotsford St,2,h,1100000.0,3/09/2017,1.0,0.0,129.0,139.0,-37.80318,144.94513
ID318287792,21a Station Rd,3,t,935000.0,16/04/2016,2.0,1.0,233.0,17.0,-37.8573,144.8911
ID409953002,15 Christine St,3,h,775000.0,16/04/2016,3.0,2.0,586.0,44.0,-37.7405,145.0886
ID703461743,20 Glover St,3,h,2240000.0,6/05/2017,2.0,1.0,197.0,119.0,-37.8395,144.9489
ID181397643,1/96 Carrick Dr,3,h,452500.0,12/08/2017,1.0,0.0,259.0,49.0,-37.6974,144.8916
ID526061431,124 Raleigh St,5,h,560000.0,27/05/2017,2.0,2.0,626.0,7.0,-37.67688,144.88996
ID132049554,7a Woorigoleen Rd,3,t,2650000.0,10/09/2016,3.0,2.0,0.0,19.0,-37.8428,145.0171
ID290367585,3/25 Cathcart St,2,t,642500.0,12/08/2017,2.0,1.0,126.0,4.0,-37.78458,144.88106000000005
ID590204664,1687 Malvern Rd,3,h,2800000.0,26/07/2016,1.0,2.0,762.0,89.0,-37.8575,145.0554
ID686978416,10/60 Hawthorn Gr,1,u,499000.0,28/05/2016,1.0,1.0,0.0,59.0,-37.8158,145.0342
ID621789586,6 Staff St,4,h,920000.0,28/05/2016,1.0,0.0,274.0,79.0,-37.8039,144.8929
ID715194982,5 Kilburn St,4,h,1610000.0,12/08/2017,3.0,2.0,861.0,64.0,-37.73154,144.92243
ID491631970,129 Roberts St,5,h,1137500.0,22/05/2016,3.0,4.0,446.0,69.0,-37.8146,144.8692
ID342075790,5 Marden Pl,4,h,1165000.0,9/09/2017,2.0,2.0,442.0,3.0,-37.825070000000004,145.24058
ID485362004,6 Epping St,3,h,750000.0,9/09/2017,1.0,3.0,665.0,49.0,-37.70444000000001,144.95273999999995
ID575805523,1/3 Coorigil Rd,3,h,1360000.0,19/11/2016,2.0,2.0,282.0,9.0,-37.8953,145.0567
ID814064840,7 Wattlebird Ct,4,h,2000000.0,7/05/2016,3.0,2.0,928.0,23.0,-37.842,145.102
ID198962457,50 Wilson St,4,h,1211000.0,10/09/2016,1.0,3.0,477.0,109.0,-37.7632,144.9292
ID297289196,8/67 High St,2,u,700000.0,12/11/2016,1.0,1.0,0.0,131.0,-37.851,144.988
ID784863402,4/68 Edgar St N,2,u,390000.0,28/05/2016,1.0,1.0,0.0,53.0,-37.8497,145.0466
ID285727429,7/36 Grandview Gr,2,u,650000.0,3/09/2016,1.0,1.0,0.0,109.0,-37.85,145.0085
ID456535021,13 McKinley Dr,3,h,460000.0,29/07/2017,2.0,3.0,266.0,19.0,-37.63544,144.93274
ID627871317,129 Kerferd Rd,3,h,1900000.0,18/03/2017,1.0,0.0,209.0,119.0,-37.8468,144.9546
ID513107857,1/40 Godley St,1,h,260000.0,7/05/2016,1.0,1.0,141.0,19.0,-37.7025,144.9887
ID905940039,3 Hodgkinson St,3,h,1360000.0,27/06/2016,1.0,0.0,118.0,139.0,-37.7921,144.9858
ID642393689,1/23 Wickham Rd,3,h,926000.0,18/06/2016,2.0,2.0,393.0,69.0,-37.9431,145.0267
ID738873589,206 Montague St,2,h,1355000.0,9/09/2017,1.0,0.0,109.0,119.0,-37.83423,144.95243
ID414986070,802 Hampton St,3,h,1550000.0,3/09/2016,2.0,2.0,663.0,79.0,-37.9159,145.0068
ID405011862,1 Bernard St,3,h,785000.0,24/06/2017,1.0,2.0,343.0,49.0,-37.83187,144.88966000000005
ID909090894,12/27 Marnoo St,3,t,560000.0,22/07/2017,1.0,1.0,158.0,17.0,-37.78893,144.84652
ID495990874,260 Francis St,3,h,892000.0,13/05/2017,1.0,2.0,449.0,79.0,-37.8195,144.8766
ID234474985,9/24 Dongola Rd,3,h,900000.0,24/09/2016,2.0,3.0,446.0,13.0,-37.7923,144.8814
ID603881220,7 Turnbull St,4,h,1825000.0,6/05/2017,1.0,2.0,306.0,7.0,-37.7888,144.9929
ID216652678,7 Essex St,2,h,747000.0,19/11/2016,1.0,1.0,320.0,119.0,-37.7964,144.8871
ID489021480,6a Tobruk St,3,t,975000.0,4/06/2016,2.0,2.0,632.0,6.0,-37.7813,145.102
ID773253091,1/35 Holyrood St,3,t,1660000.0,15/07/2017,2.0,2.0,478.0,49.0,-37.93297000000001,144.99771
ID545109033,53 Addison St,4,h,1875000.0,27/06/2016,3.0,0.0,235.0,14.0,-37.8775,144.9808
ID239658283,36 Kenny St,3,h,2251000.0,3/12/2016,1.0,2.0,888.0,69.0,-37.8002,145.0949
ID712032024,41 Horace St,4,h,3800000.0,13/08/2016,3.0,2.0,587.0,3.0,-37.8613,145.0393
ID455357685,3 Harold St,4,h,1500000.0,15/10/2016,2.0,1.0,593.0,89.0,-37.8655,145.096
ID239489793,2/19 Swindon Rd,3,t,828000.0,7/05/2016,2.0,1.0,206.0,17.0,-37.8966,145.0863
ID126799870,24 Columbia St,3,h,1110000.0,9/09/2017,1.0,2.0,704.0,49.0,-37.93409000000001,145.08383
ID394317206,13/200 Wattletree Rd,1,u,420000.0,28/08/2016,1.0,3.0,0.0,48.0,-37.8633,145.0336
ID587747653,3/369 Abbotsford St,2,u,540000.0,22/08/2016,1.0,1.0,0.0,49.0,-37.7981,144.9461
ID519635800,132 Templewood Cr,3,h,1107500.0,8/07/2017,3.0,1.0,668.0,5.0,-37.75962,144.86675
ID408093681,1 Victory St,3,h,1725000.0,9/09/2017,1.0,2.0,493.0,104.0,-37.949009999999994,145.01167
ID332897264,59 Moubray St,3,h,2100000.0,23/09/2017,2.0,2.0,137.0,129.0,-37.84388,144.95303
ID828568308,7 Dorothy St,3,h,770000.0,15/10/2016,1.0,3.0,464.0,64.0,-37.7184,144.9488
ID877659486,6 Cliff St,2,h,1200000.0,27/06/2016,1.0,0.0,176.0,79.0,-37.8436,144.9925
ID816025818,8/129 The Parade,1,u,390000.0,12/11/2016,1.0,1.0,0.0,47.0,-37.7723,144.9094
ID390802409,45 Westbank Tce,2,h,1045000.0,18/06/2016,1.0,1.0,138.0,129.0,-37.8218,145.0132
ID222894351,73/145 Canterbury Rd,1,u,247500.0,22/04/2017,1.0,1.0,0.0,49.0,-37.8421,145.0104
ID448873884,23 Cromwell St,3,h,1238000.0,26/08/2017,2.0,1.0,735.0,4.0,-37.852959999999996,145.1055
ID484115823,3/26 Edgevale Rd,2,t,942000.0,3/06/2017,1.0,1.0,0.0,44.0,-37.81439,145.04237
ID454640238,2/11 Blackburn St,2,u,823000.0,17/09/2016,1.0,2.0,165.0,49.0,-37.821999999999996,145.0989
ID555326745,31 Raleigh St,3,h,1000000.0,29/07/2017,2.0,2.0,333.0,9.0,-37.75884,145.00263999999999
ID430558490,10 Haynes St,4,h,1535000.0,22/07/2017,2.0,2.0,719.0,21.0,-37.94999,145.03122
ID699145332,2 Kimber St,3,h,1285000.0,22/05/2016,2.0,1.0,123.0,59.0,-37.8267,145.0122
ID445665783,14/52 Leicester St,3,u,875000.0,18/03/2017,1.0,1.0,0.0,139.0,-37.8052,144.9604
ID809946180,25a Ohea St,3,h,835000.0,25/02/2017,1.0,2.0,385.0,74.0,-37.7376,144.9638
ID244738284,9 Seattle St,4,h,1675000.0,18/03/2017,2.0,2.0,667.0,45.0,-37.7835,145.0883
ID982125996,1/182 Albion St,3,h,1050000.0,4/06/2016,1.0,2.0,264.0,79.0,-37.7611,144.9644
ID216176945,26 Xavier Ct,3,h,495000.0,29/07/2017,2.0,2.0,563.0,25.0,-37.57499,144.75329
ID794843655,193 Edwardes St,3,h,915000.0,8/10/2016,3.0,2.0,618.0,59.0,-37.7154,144.9962
ID662237641,205 Scotchmer St,3,h,2150000.0,27/11/2016,2.0,0.0,202.0,121.0,-37.7835,144.9867
ID791570474,20 Barton St,3,h,876000.0,19/08/2017,1.0,2.0,653.0,69.0,-37.711420000000004,145.00377
ID805014142,8/10 Maryville St,2,u,570000.0,19/11/2016,1.0,0.0,785.0,55.0,-37.8756,144.9934
ID176494282,200 West St,4,h,780000.0,17/06/2017,1.0,3.0,697.0,59.0,-37.70159,144.93948
ID275949707,3 Westminster St,3,h,2125000.0,7/05/2016,2.0,2.0,699.0,34.0,-37.814,145.0966
ID202891164,3/7 South Rd,3,t,540000.0,18/06/2016,2.0,1.0,161.0,9.0,-37.7231,144.8802
ID504986269,87 Orrong Rd,3,h,1750000.0,19/11/2016,2.0,2.0,517.0,119.0,-37.8813,145.0063
ID773572996,1/26 York St,3,t,595000.0,20/05/2017,1.0,2.0,258.0,18.0,-37.7047,144.9087
ID208466265,28 Ferndale Rd,3,h,2200000.0,25/02/2017,1.0,2.0,700.0,89.0,-37.8553,145.0711
ID909875498,204/8 Balmain St,1,u,405000.0,16/07/2016,1.0,1.0,0.0,12.0,-37.8299,144.9907
ID712278280,5 Tavistock Ct,3,h,931000.0,3/09/2017,2.0,2.0,899.0,32.0,-37.78028,145.26581000000004
ID232576377,1 Nayook La,3,t,820000.0,18/03/2017,2.0,2.0,275.0,39.0,-37.7719,144.8767
ID444679415,6 Rosewall Pl,3,h,790000.0,19/08/2017,1.0,2.0,532.0,44.0,-37.93765,145.10583
ID247533096,3/211 Brighton Rd,1,u,390000.0,25/02/2017,1.0,1.0,644.0,59.0,-37.8798,144.994
ID698586685,70 Market St,4,h,710000.0,4/06/2016,1.0,2.0,329.0,64.0,-37.847,144.8788
ID330345641,14 Carrangall Pl,3,h,965000.0,28/08/2016,2.0,2.0,173.0,39.0,-37.7795,144.9413
ID833445308,20 Iona St,4,h,1950000.0,3/09/2017,3.0,2.0,665.0,69.0,-37.97359,145.01883999999995
ID451478569,308 Lennox St,2,h,1220000.0,10/12/2016,1.0,1.0,166.0,119.0,-37.8245,144.9933
ID130974659,35 Bedingham Dr,4,h,805000.0,9/09/2017,3.0,2.0,970.0,59.0,-37.69144,144.74643
ID817090019,107 North Rd,3,h,680000.0,8/07/2017,1.0,1.0,596.0,19.0,-37.75718,144.85357
ID723076582,6 Prefect St,4,h,1715000.0,18/06/2016,3.0,2.0,650.0,18.0,-37.7363,144.9208
ID148289536,60 Sydney St,3,h,720000.0,10/12/2016,1.0,1.0,706.0,89.0,-37.7801,144.8229
ID602115922,30 College Pde,4,h,2590000.0,18/03/2017,2.0,2.0,660.0,91.0,-37.8124,145.0361
ID944103532,36 Longacres Rd,4,h,953000.0,15/10/2016,2.0,2.0,551.0,22.0,-37.7302,145.0883
ID545525354,11/179 Power St,2,u,605000.0,18/03/2017,1.0,1.0,0.0,8.0,-37.8268,145.0257
ID183967128,21 Hughes Pde,3,h,758000.0,3/09/2017,1.0,2.0,558.0,69.0,-37.69968,145.0054
ID175607457,4 Dane Rd,4,h,1200000.0,28/08/2016,2.0,2.0,0.0,17.0,-37.9405,145.0346
ID250970786,8 Carmichael St,3,h,1640000.0,27/05/2017,1.0,2.0,617.0,89.0,-37.77212,145.05813
ID581852971,12 Gordon St,3,h,1040000.0,27/11/2016,1.0,2.0,595.0,13.0,-37.8394,144.8669
ID497124217,3 Aperture St,3,h,815000.0,18/06/2016,2.0,2.0,376.0,49.0,-37.7295,144.982
ID915052323,12 Walpa Ct,3,h,616000.0,9/09/2017,1.0,3.0,681.0,18.0,-37.673320000000004,144.9022
ID590597402,1/8 Glass St,1,u,310000.0,20/05/2017,1.0,1.0,845.0,42.0,-37.7469,144.9206
ID363453477,1/76 Scotsburn Av,3,u,810000.0,16/09/2017,1.0,2.0,340.0,64.0,-37.92559,145.10804
ID681508045,8/48 Derby St,2,u,643000.0,20/05/2017,1.0,1.0,0.0,59.0,-37.8018,145.0376
ID831576675,16 Greenview Ct,3,h,930000.0,18/03/2017,1.0,2.0,580.0,19.0,-37.9369,145.0751
ID948086465,1/7 Boston Rd,3,h,1800000.0,16/07/2016,2.0,2.0,380.0,39.0,-37.8161,145.0772
ID963677258,8 Outlook Dr,4,h,2550000.0,27/11/2016,2.0,2.0,1484.0,49.0,-37.769,145.0616
ID161383252,14/82 Coorigil Rd,2,u,370000.0,26/07/2016,1.0,1.0,0.0,69.0,-37.8959,145.0639
ID928490367,2/10 Military Rd,2,u,440000.0,18/03/2017,1.0,1.0,263.0,20.0,-37.7697,144.8657
ID966720940,19 Bruce St,3,h,1270000.0,12/08/2017,2.0,2.0,585.0,19.0,-37.742509999999996,145.0008
ID930999931,6 Victoria St,4,h,1200000.0,3/06/2017,1.0,1.0,833.0,59.0,-37.811859999999996,145.25419
ID798448945,31 Zenith St,4,h,1196000.0,4/03/2017,2.0,2.0,559.0,22.0,-37.7236,144.9347
ID411590792,607/2 McGoun St,2,u,592000.0,22/07/2017,2.0,2.0,2044.0,8.0,-37.817,144.99553999999995
ID773513192,11/10 Carlisle St,1,u,500000.0,11/02/2017,1.0,1.0,0.0,18.0,-37.8668,144.9801
ID393814708,75 MacPherson St,2,h,885000.0,8/04/2017,1.0,0.0,267.0,129.0,-37.7961,144.89
ID703461743,20 Glover St,3,h,2240000.0,6/05/2017,2.0,1.0,197.0,119.0,-37.8395,144.9489
ID115539274,8/772 Burwood Rd,2,u,802500.0,27/05/2017,1.0,2.0,966.0,49.0,-37.82524,145.05568
ID209132001,2/37 Strathalbyn St,2,u,605000.0,7/05/2016,1.0,1.0,0.0,59.0,-37.7969,145.0511
ID536792926,6 Balfour St,3,h,1620000.0,16/04/2016,2.0,4.0,678.0,49.0,-37.9208,145.0126
ID446198755,1 Blackshaw St,2,h,1668000.0,24/09/2016,1.0,2.0,595.0,21.0,-37.9092,145.0507
ID336572513,1/170 Barkly St,2,u,509000.0,3/09/2016,1.0,1.0,0.0,29.0,-37.8679,144.9813
ID809551665,15/20 Florence Rd,3,u,880000.0,11/02/2017,1.0,2.0,217.0,49.0,-37.8287,145.1014
ID399862831,4 Allnutt Ct,3,h,800000.0,24/06/2017,1.0,1.0,366.0,49.0,-37.96877,145.07484
ID534688050,32 Cecil St,2,h,1300000.0,23/09/2017,1.0,1.0,125.0,19.0,-37.79395,144.97698
ID509671127,2/115 Gillies St,2,u,505000.0,7/11/2016,1.0,1.0,0.0,49.0,-37.7755,145.0178
ID997819300,90 Blair St,3,h,460000.0,30/07/2016,2.0,1.0,95.0,18.0,-37.772,144.8801
ID623000407,10/446 Albion St,1,u,252000.0,25/02/2017,1.0,1.0,0.0,49.0,-37.7586,144.9433
ID745212650,22 Greenglade Ct,4,h,1300000.0,19/08/2017,2.0,2.0,543.0,13.0,-37.806509999999996,145.16457
ID461193079,31 Hume St,2,h,1900000.0,18/03/2017,2.0,0.0,207.0,84.0,-37.8571,145.0224
ID767756618,14 Derham St,4,h,1300000.0,27/05/2017,2.0,2.0,730.0,26.0,-37.8257,144.87552
ID139779937,24 Brooks St,4,h,1220000.0,4/06/2016,2.0,2.0,585.0,69.0,-37.9167,145.0771
ID651355405,3 Crefden St,3,t,615000.0,3/09/2016,2.0,2.0,165.0,12.0,-37.7773,144.8725
ID168087755,403/20 Reeves St,2,u,500000.0,14/05/2016,2.0,1.0,0.0,9.0,-37.7929,144.9705
ID951598281,35 Georgia Pl,3,h,320000.0,27/06/2016,2.0,1.0,119.0,39.0,-37.7328,144.8194
ID338465738,6 Muir St,4,h,1220000.0,17/06/2017,1.0,2.0,633.0,69.0,-37.94578,145.03564
ID190227175,28 Gloucester St,3,h,730000.0,7/05/2016,1.0,1.0,546.0,8.0,-37.721,144.9967
ID185990802,3/17 Burns Ct,3,h,600000.0,22/08/2016,2.0,2.0,251.0,7.0,-37.7358,145.0559
ID185929629,5 Atkins Ct,3,h,500000.0,17/06/2017,2.0,2.0,509.0,26.0,-38.09111,145.19083999999995
ID401139019,2/22 Sadie St,2,u,410000.0,15/10/2016,1.0,2.0,200.0,19.0,-37.7002,144.9428
ID273453122,61 Roseberry St,3,h,1625000.0,28/05/2016,2.0,1.0,255.0,129.0,-37.8266,145.0493
ID408437128,69 Beaver St,4,h,2123000.0,12/11/2016,3.0,2.0,412.0,89.0,-37.8707,145.0482
ID612765828,75 Derby St,4,h,1910000.0,10/12/2016,3.0,2.0,277.0,3.0,-37.8007,145.0374
ID788541055,25A Beryl St,3,h,1300000.0,3/09/2017,2.0,2.0,400.0,119.0,-37.85223,145.08676
ID482700466,2/42 Gowrie St,3,h,930000.0,27/11/2016,2.0,2.0,258.0,12.0,-37.9162,145.0799
ID208661519,18 Montrose St,2,h,1075000.0,4/06/2016,1.0,2.0,695.0,69.0,-37.8694,145.0944
ID350356797,7/1 St Kilda Rd,3,u,616000.0,4/06/2016,2.0,2.0,0.0,24.0,-37.8573,144.9825
ID851502118,3/8 Rayner St,2,t,597500.0,22/04/2017,1.0,2.0,178.0,10.0,-37.8701,144.8209
ID736353281,11 Griffiths Ct,4,h,750000.0,17/06/2017,2.0,1.0,811.0,3.0,-37.95187,145.21249
ID380693681,35 Kings Rd,2,h,655000.0,29/07/2017,1.0,0.0,1000.0,39.0,-37.930640000000004,145.4453
ID757312914,1/3 Gleniffer Av,2,u,585000.0,8/07/2017,1.0,1.0,0.0,69.0,-37.931709999999995,145.03041000000005
ID427637807,4/17 Bulla Rd,1,u,260000.0,10/09/2016,1.0,1.0,0.0,49.0,-37.7428,144.9086
ID449160626,18/180 Union St,2,u,435000.0,12/06/2016,1.0,1.0,0.0,17.0,-37.7727,144.9497
ID199125161,4 Temple St,6,h,1666000.0,24/09/2016,2.0,0.0,350.0,119.0,-37.8219,145.0556
ID777963924,2/52 Barton St,2,u,807000.0,17/06/2017,1.0,1.0,1501.0,59.0,-37.81665,145.10043000000005
ID887636466,81 Martins La,3,h,880000.0,3/12/2016,2.0,4.0,704.0,49.0,-37.7327,145.0913
ID803175071,2 Bruce St,2,h,2000000.0,8/04/2017,1.0,2.0,465.0,84.0,-37.7424,145.0026
ID570350615,1/43 Iona St,3,u,1080000.0,27/05/2017,2.0,2.0,328.0,39.0,-37.97359,145.0214
ID602115922,30 College Pde,4,h,2590000.0,18/03/2017,2.0,2.0,660.0,91.0,-37.8124,145.0361
ID705516235,236 Barkly St,2,h,1055000.0,29/04/2017,1.0,0.0,192.0,109.0,-37.7793,144.9879
ID675659356,58 Bliburg St,3,h,421000.0,30/07/2016,1.0,1.0,607.0,59.0,-37.6864,144.9111
ID569470781,38 Myrtle Rd,4,h,2800000.0,3/09/2016,3.0,2.0,701.0,4.0,-37.9419,145.0152
ID482336856,29 Collins St,2,h,1211000.0,25/02/2017,1.0,0.0,302.0,104.0,-37.7549,145.0035
ID845328222,9/162 Clarke St,2,u,601000.0,10/09/2016,1.0,1.0,0.0,109.0,-37.7765,144.996
ID558561669,4 Collegian Av,3,h,1848000.0,26/08/2017,1.0,3.0,824.0,84.0,-37.737970000000004,144.92455
ID513513471,97 Edwin St,2,h,815000.0,3/09/2016,1.0,2.0,589.0,89.0,-37.7501,145.0505
ID299891914,4 Ryan Gr,4,h,1258000.0,27/05/2017,1.0,2.0,769.0,39.0,-37.83998,145.15198
ID909509963,175 Farrell St,2,h,1234500.0,4/06/2016,1.0,0.0,183.0,9.0,-37.8329,144.9375
ID623939707,98 Harold St,2,h,1630000.0,27/11/2016,1.0,0.0,152.0,104.0,-37.8513,144.9586
ID377377950,1/24 Green St,3,h,1200000.0,28/05/2016,1.0,1.0,116.0,5.0,-37.8533,144.9913
ID236339927,102/159 Beach St,2,u,950000.0,22/04/2017,2.0,1.0,98.0,14.0,-37.8392,144.9257
ID322778894,2/15 Ogden St,3,t,525000.0,1/07/2017,1.0,1.0,194.0,8.0,-37.701679999999996,144.94862
ID531823739,479a Buckley St,3,h,685000.0,15/10/2016,1.0,2.0,293.0,79.0,-37.7535,144.8836
ID177408081,16 Hayes Pde,5,h,958000.0,29/04/2017,2.0,2.0,706.0,69.0,-37.7328,144.9281
ID558963089,6 Oakdene Pl,3,h,2525000.0,3/06/2017,2.0,1.0,805.0,89.0,-37.7714,145.05963
ID135200582,5/118 Miller St,2,h,650000.0,28/08/2016,1.0,1.0,0.0,39.0,-37.777,144.9838
ID802577324,1/119 Melrose Dr,4,h,586000.0,8/07/2017,1.0,3.0,0.0,44.0,-37.70695,144.88513999999995
ID408949624,10 Delbridge St,2,h,1315000.0,15/10/2016,1.0,0.0,143.0,119.0,-37.7887,144.9888
ID910728426,4 Wattle Gr,3,h,860000.0,27/05/2017,1.0,2.0,627.0,69.0,-37.722159999999995,144.99381
ID178477569,2/26 Renown St,2,u,532500.0,18/03/2017,1.0,1.0,168.0,49.0,-37.73,144.9629
ID625221580,3 Third Av,3,h,710000.0,19/08/2017,1.0,1.0,650.0,59.0,-38.04513,145.1346
ID531954878,17 Curtin Dr,3,h,480500.0,19/08/2017,1.0,1.0,664.0,59.0,-37.56279,144.7304
ID889472089,44 McLean Av,3,h,1300000.0,26/08/2017,2.0,2.0,566.0,59.0,-37.91469,145.02788999999999
ID868011128,8 Swift St,3,h,1875000.0,22/07/2017,1.0,2.0,771.0,69.0,-37.76631,145.01699
ID500514281,21 Edgewood St,3,h,1490000.0,22/08/2016,2.0,1.0,371.0,104.0,-37.8871,145.05200000000005
ID633415222,41 Dellfield Dr,4,h,1165000.0,3/12/2016,2.0,4.0,673.0,47.0,-37.7647,145.1246
ID293069416,154 Abbott St,4,h,850000.0,8/07/2017,3.0,2.0,709.0,2.0,-37.95095,145.02096
ID634936088,2/58 Moore St,3,t,865000.0,7/11/2016,2.0,2.0,263.0,11.0,-37.7546,144.9713
ID612405031,3 Brian St,3,h,625000.0,10/12/2016,1.0,2.0,585.0,59.0,-37.695,144.9676
ID679319166,21 Allan St,4,h,650000.0,12/06/2016,1.0,4.0,558.0,54.0,-37.8451,144.8529
ID879314466,9 Wall St,2,h,1341000.0,27/05/2017,1.0,0.0,135.0,129.0,-37.82241,145.00235
ID320823384,16 Park Rd,3,t,1245000.0,6/08/2016,2.0,1.0,128.0,19.0,-37.8526,145.0071
ID373913095,1 Imaroo St,4,h,570500.0,15/10/2016,2.0,1.0,430.0,49.0,-37.7185,144.9754
ID510992625,32 Myrtle St,2,h,1250000.0,13/05/2017,1.0,1.0,168.0,115.0,-37.7914,144.9967
ID458046403,14 Charles St,3,t,935000.0,19/11/2016,2.0,2.0,230.0,7.0,-37.9179,145.0592
ID213000149,32 Elton Rd,3,h,663500.0,3/06/2017,1.0,2.0,736.0,59.0,-37.88909,145.26935
ID295644632,371 Rae St,2,h,1270000.0,17/06/2017,1.0,0.0,183.0,129.0,-37.78353,144.97991000000005
ID767575136,1/295 Rossmoyne St,2,u,560000.0,17/09/2016,1.0,2.0,0.0,114.0,-37.7591,145.0208
ID246579957,21 Pyalong Cr,3,h,420500.0,15/07/2017,1.0,1.0,650.0,49.0,-37.675059999999995,144.93793
ID636973402,141 Cooper St,3,h,1990000.0,12/06/2016,2.0,2.0,1021.0,19.0,-37.7415,144.8987
ID902661297,26 Queen St,3,h,1800000.0,28/08/2016,2.0,1.0,336.0,109.0,-37.8074,145.0318
ID666312034,21 Emerald St,3,h,820000.0,23/09/2017,1.0,2.0,493.0,21.0,-37.74305,145.01811999999995
ID777321258,1/97 Bamfield Rd,2,u,450000.0,23/04/2016,1.0,1.0,0.0,7.0,-37.7359,145.0563
ID638475780,63 Victoria Rd,5,h,2250000.0,14/05/2016,2.0,2.0,452.0,117.0,-37.8223,145.0494
ID394497766,26 Talbot St,2,h,860000.0,22/08/2016,1.0,0.0,153.0,129.0,-37.7657,144.9574
ID543032458,4/5 Southey Ct,2,u,717000.0,12/06/2016,1.0,1.0,0.0,69.0,-37.8758,144.9874
ID655661881,31 Riley St,4,h,1310000.0,25/02/2017,2.0,4.0,993.0,59.0,-37.9239,145.0943
ID685498861,21 Wurruk Av,4,h,990000.0,15/07/2017,2.0,2.0,500.0,59.0,-37.7324,145.00621999999996
ID933757756,127 Duke St,3,h,655000.0,17/09/2016,1.0,1.0,497.0,94.0,-37.7809,144.8467
ID946398127,2 Carr St,3,h,970000.0,27/11/2016,1.0,2.0,575.0,59.0,-37.7307,144.9704
ID502126523,17 Wicklow St,3,h,881000.0,15/07/2017,1.0,1.0,480.0,12.0,-37.71893,144.94246
ID885162875,1/94 The Strand,3,h,1400000.0,7/05/2016,2.0,3.0,2522.0,13.0,-37.8462,144.8944
ID802596654,1 Alexander St,3,h,1301000.0,12/11/2016,2.0,2.0,401.0,93.0,-37.9062,145.0173
ID488000918,25 Luntar Rd,3,h,1080000.0,12/11/2016,2.0,2.0,716.0,32.0,-37.9261,145.083
ID302573205,1/118 Rathcown Rd,2,u,502000.0,15/07/2017,1.0,2.0,230.0,4.0,-37.709,145.02014
ID866923990,7 Weigall St,3,h,1500000.0,22/04/2017,1.0,3.0,446.0,79.0,-37.7682,144.9835
ID671093320,60 Muriel St,5,h,1215000.0,3/09/2017,2.0,2.0,647.0,3.0,-37.74269,144.88607
ID409916798,48a Purtell St,3,t,800000.0,7/05/2016,2.0,1.0,353.0,49.0,-37.9262,145.055
ID569835080,1/3 Clovelly Ct,2,u,751000.0,24/09/2016,1.0,1.0,711.0,54.0,-37.8144,145.0328
ID500235186,41 Saltley St,3,t,855000.0,27/11/2016,2.0,2.0,337.0,44.0,-37.8288,144.8681
ID139779937,24 Brooks St,4,h,1220000.0,4/06/2016,2.0,2.0,585.0,69.0,-37.9167,145.0771
ID303296273,73 Pecham St,3,h,963500.0,27/05/2017,2.0,6.0,697.0,59.0,-37.69647,144.9113
ID868735946,12 Stanley St,3,h,756000.0,13/08/2016,1.0,1.0,353.0,94.0,-37.7915,144.8733
ID365106149,3 Peacock St,3,h,1468000.0,11/02/2017,1.0,2.0,706.0,17.0,-37.8509,145.1161
ID555326745,31 Raleigh St,3,h,1000000.0,29/07/2017,2.0,2.0,333.0,9.0,-37.75884,145.00263999999999
ID909090894,12/27 Marnoo St,3,t,560000.0,22/07/2017,1.0,1.0,158.0,17.0,-37.78893,144.84652
ID128423370,1 Monterey Bvd,3,h,452000.0,3/06/2017,1.0,0.0,624.0,57.0,-38.1187,145.14973
ID773253091,1/35 Holyrood St,3,t,1660000.0,15/07/2017,2.0,2.0,478.0,49.0,-37.93297000000001,144.99771
ID602115922,30 College Pde,4,h,2590000.0,18/03/2017,2.0,2.0,660.0,91.0,-37.8124,145.0361
ID409916798,48a Purtell St,3,t,800000.0,7/05/2016,2.0,1.0,353.0,49.0,-37.9262,145.055
ID577615646,12/412 High St,2,u,680000.0,6/05/2017,2.0,1.0,1106.0,10.0,-37.7679,144.9994
ID281752188,158 Neville St,2,h,1300000.0,8/04/2017,1.0,0.0,132.0,119.0,-37.8527,144.9657
ID809069623,103 Sussex St,2,h,1570000.0,27/11/2016,1.0,1.0,746.0,69.0,-37.7304,144.9496
ID168087755,403/20 Reeves St,2,u,500000.0,14/05/2016,2.0,1.0,0.0,9.0,-37.7929,144.9705
ID299891914,4 Ryan Gr,4,h,1258000.0,27/05/2017,1.0,2.0,769.0,39.0,-37.83998,145.15198
ID605847524,47 Lord St,2,h,1220000.0,10/12/2016,1.0,1.0,80.0,119.0,-37.8213,145.005
ID718849197,373 Waterdale Rd,3,u,676000.0,30/07/2016,1.0,0.0,605.0,69.0,-37.7516,145.0457
ID625626771,88 Monash St,2,h,720000.0,28/05/2016,1.0,2.0,465.0,11.0,-37.7889,144.8362
